id,name_th,name_en,name_common,scientific,taxon_key,family,open_photos
1,,Indian Aspen,Indian Aspen,Acronychia pedunculata,3836457,Rutaceae,151
2,เฟิร์นก้านดำ,Black Maidenhair,Black Maidenhair,Adiantum capillus-veneris,2651816,Pteridaceae,23
3,,Walking Maidenhair Fern,Walking Maidenhair Fern,Adiantum philippense,3750161,Pteridaceae,134
4,,Indian broomrape,Indian broomrape,Aeginetia indica,3173321,Orobanchaceae,138
5,,Segera,Segera,Aglaia elliptica,7271396,Meliaceae,65
6,,,,Aglaia lawii,7271334,Meliaceae,124
7,,,,Aglaia odoratissima,5597346,Meliaceae,35
8,,Malayan Sword,Malayan Sword,Aglaonema simplex,2866378,Araceae,159
9,,alchorntree,alchorntree,Alchornea rugosa,3055402,Euphorbiaceae,140
10,,,,Allophylus cobbe,9364157,Sapindaceae,226
11,,,,Amblovenatum terminans,8255481,Thelypteridaceae,128
12,,,,Amphineurion marginatum,3619392,Apocynaceae,183
13,ฟ้าทะลายโจร,Green Chiretta,Green Chiretta,Andrographis paniculata,3173178,Acanthaceae,39
14,,,,Antidesma acidum,3076532,Phyllanthaceae,203
15,,,,Antidesma montanum,3076595,Phyllanthaceae,323
16,,,,Antidesma neurocarpum,3076696,Phyllanthaceae,59
17,,,,Antidesma sootepense,3076693,Phyllanthaceae,136
18,,,,Antidesma tomentosum,3076554,Phyllanthaceae,0
19,,,,Antidesma velutinosum,3076798,Phyllanthaceae,143
20,,Ox-tongue Fern,Ox-tongue Fern,Antrophyum callifolium,4047651,Pteridaceae,66
21,,Pithraj Tree,Pithraj Tree,Aphanamixis polystachya,5597304,Meliaceae,150
22,,,,Aporosa octandra,5383369,Phyllanthaceae,178
23,,Monkey-pod,Monkey-pod,Archidendron clypearia,2941309,Fabaceae,133
24,,Coralberry Tree,Coralberry Tree,Ardisia crenata,5414379,Primulaceae,222
25,,Narrow-Petaled Green Champa,Narrow-Petaled Green Champa,Artabotrys suaveolens,3154973,Annonaceae,0
26,ขนุน,Jackfruit,Jackfruit,Artocarpus heterophyllus,2984565,Moraceae,42
27,เฟิร์นข้าหลวง,Hawai'I Birdnest Fern,Hawai'I Birdnest Fern,Asplenium nidus,2650676,Aspleniaceae,94
28,,African Coromandel,African Coromandel,Asystasia intrusa,7468660,Acanthaceae,124
29,,menteng,menteng,Baccaurea racemosa,3082122,Phyllanthaceae,0
30,,Burmese grape,Burmese grape,Baccaurea ramiflora,3082142,Phyllanthaceae,169
31,,,,Baliospermum calycinum,3062308,Euphorbiaceae,125
32,,Hijal,Hijal,Barringtonia acutangula,3082835,Lecythidaceae,126
33,,,,Bauhinia saccocalyx,2953590,Fabaceae,130
34,,,,Bauhinia viridescens,2953264,Fabaceae,207
35,,,,Bhesa paniculata,3793929,Centroplacaceae,33
36,,Sambong,Sambong,Blumea balsamifera,5395786,Asteraceae,65
37,,,,Boehmeria clidemioides,7300656,Urticaceae,140
38,,,,Bolbitis appendiculata,7288627,Dryopteridaceae,173
39,ตาลโตนด,Asian Palmyra Palm,Asian Palmyra Palm,Borassus flabellifer,2733934,Arecaceae,23
40,เฟื่องฟ้า,Bougainvillea,Bougainvillea,Bougainvillea glabra,5384862,Nyctaginaceae,0
41,,Cup Saucer Plant,Cup Saucer Plant,Breynia retusa,5383065,Phyllanthaceae,156
42,,,,Bridelia ovata,3076220,Phyllanthaceae,141
43,,Pikpoktai,Pikpoktai,Bridelia tomentosa,3076120,Phyllanthaceae,133
44,,,,Cajanus goensis,2960346,Fabaceae,123
45,,,,Calamus javensis,5294282,Arecaceae,44
46,,,,Callicarpa arborea,5609976,Lamiaceae,128
47,,,,Callicarpa pentandra,5609366,Lamiaceae,0
48,,Cananga tree,Cananga tree,Cananga odorata,5407583,Annonaceae,42
49,,,,Canarium littorale,5636188,Burseraceae,0
50,,Carallia,Carallia,Carallia brachiata,3873929,Rhizophoraceae,147
51,,,,Casearia grewiifolia,7819400,Salicaceae,143
52,ต้นราชพฤกษ์,Golden Rain,Golden Rain,Cassia fistula,5357108,Fabaceae,154
53,,Papua New Guinea Chinquapin,Papua New Guinea Chinquapin,Castanopsis acuminatissima,5333166,Fagaceae,122
54,กล้วยไม้แคทลียา,,,Cattleya labiata,2801162,Orchidaceae,0
55,,,,Causonis japonica,4055350,Vitaceae,120
56,,,,Cayratia mollissima,7293851,Vitaceae,63
57,,Black oil tree,Black oil tree,Celastrus paniculatus,7265565,Celastraceae,125
58,,Cockscomb,Cockscomb,Celosia argentea,3085191,Amaranthaceae,125
59,,,,Centotheca lappacea,2706433,Poaceae,148
60,,,,Cephalomanes javanicum,8084732,Hymenophyllaceae,56
61,,,,Chaetocarpus castanocarpus,5615299,Peraceae,151
62,,Curved Flower Woody Chassalia,Curved Flower Woody Chassalia,Chassalia curviflora,2912772,Rubiaceae,182
63,,Native Olive,Native Olive,Chionanthus ramiflorus,7326156,Oleaceae,179
64,,Armstrong's Weed,Armstrong's Weed,Chromolaena odorata,3087725,Asteraceae,134
65,,Wild Cinnamon,Wild Cinnamon,Cinnamomum iners,8028551,Lauraceae,134
66,,Velvetleaf,Velvetleaf,Cissampelos pareira,3033937,Menispermaceae,122
67,,Begonia Vine,Begonia Vine,Cissus discolor,4054691,Vitaceae,153
68,,Asian Pigeonwings,Asian Pigeonwings,Clitoria ternatea,2946519,Fabaceae,211
69,,Ivy gourd,Ivy gourd,Coccinia grandis,2874564,Cucurbitaceae,221
70,มะพร้าว,Coconut,Coconut,Cocos nucifera,2735117,Arecaceae,51
71,,Brown Kurrajong,Brown Kurrajong,Commersonia bartramia,7323037,Malvaceae,37
72,,,,Connarus semidecandrus,3032532,Connaraceae,153
73,,Pink Mempat,Pink Mempat,Cratoxylum formosum,7330024,Hypericaceae,128
74,,,,Croton argyratus,3060225,Euphorbiaceae,58
75,ขมิ้นชัน,Common Turmeric,Common Turmeric,Curcuma longa,2757624,Zingiberaceae,0
76,,,,Curcuma parviflora,2757649,Zingiberaceae,151
77,,Little Ironweed,Little Ironweed,Cyanthillium cinereum,6445734,Asteraceae,141
78,,Field-bank Galingale,Field-bank Galingale,Cyperus haspan,2715828,Cyperaceae,129
79,,Java dacryberry,Java dacryberry,Dacrycarpus imbricatus,2687843,Podocarpaceae,25
80,,,,Dacryodes rostrata,3993735,Burseraceae,0
81,,,,Dacryodes rugosa,3993714,Burseraceae,0
82,,,,Dalbergia lanceolaria,2940397,Fabaceae,133
83,,Burmese Rosewood,Burmese Rosewood,Dalbergia oliveri,2968432,Fabaceae,158
84,,,,Dalbergia stipulacea,2968852,Fabaceae,189
85,,,,Dalbergia velutina,2968425,Fabaceae,151
86,,,,Dalrympelea pomifera,3788072,Staphyleaceae,166
87,,silky myrtle,silky myrtle,Decaspermum parviflorum,3180045,Myrtaceae,67
88,ต้นหางนกยูงฝรั่ง,Flamboyan,Flamboyan,Delonix regia,2956176,Fabaceae,48
89,,triangular horse bush,triangular horse bush,Dendrolobium triangulare,2946831,Fabaceae,205
90,,,,Dendrophthoe pentandra,4001649,Loranthaceae,135
91,เถาวัลย์เปรียง,Grewia Vine,,Derris scandens,5386,Fabaceae,0
92,,Cerulean Flaxlily,Cerulean Flaxlily,Dianella ensifolia,8365251,Asphodelaceae,61
93,,,,Dillenia excelsa,5681458,Dilleniaceae,0
94,,Greater Yams,Greater Yams,Dioscorea alata,2754476,Dioscoreaceae,123
95,,Air Potato,Air Potato,Dioscorea bulbifera,2755489,Dioscoreaceae,165
96,,,,Dioscorea glabra,2754680,Dioscoreaceae,244
97,,Asiatic bitter yam,Asiatic bitter yam,Dioscorea hispida,2755784,Dioscoreaceae,157
98,,Fiveleaf Yam,Fiveleaf Yam,Dioscorea pentaphylla,2754423,Dioscoreaceae,137
99,,Indian Persimmon,Indian Persimmon,Diospyros malabarica,7295796,Ebenaceae,137
100,,,,Diospyros wallichii,4070464,Ebenaceae,146
101,,,,Diplazium pallidum,7289022,Athyriaceae,48
102,,,,Diplazium polypodioides,7289271,Athyriaceae,71
103,,Broad-leaf Fern,Broad-leaf Fern,Dipteris conjugata,4097810,Dipteridaceae,33
104,,,,Dipterocarpus obtusifolius,4096576,Dipterocarpaceae,127
105,,Bemban,Bemban,Donax canniformis,5302997,Marantaceae,126
106,,Argus pheasant tree,Argus pheasant tree,Dracontomelon dao,3190527,Anacardiaceae,40
107,,,,Drimys piperita,7288435,Winteraceae,0
108,หมากเหลือง,Areca palm,Areca palm,Dypsis lutescens,2735935,Arecaceae,0
109,,,,Elaeocarpus stipularis,7291033,Elaeocarpaceae,72
110,,Crabgrass,Crabgrass,Eleusine indica,2705953,Poaceae,69
111,,,,Embelia sessiliflora,3719775,Primulaceae,123
112,,,,Engelhardia spicata,7310512,Juglandaceae,127
113,พลูด่าง,Devil's Ivy,Devil's Ivy,Epipremnum aureum,2868323,Araceae,0
114,,,,Euonymus cochinchinensis,3793714,Celastraceae,200
115,,Ara tanan,Ara tanan,Euphorbia hirta,3068937,Euphorbiaceae,132
116,,,,Excoecaria cochinchinensis,3071716,Euphorbiaceae,132
117,,mistletoe fig,mistletoe fig,Ficus deltoidea,7262889,Moraceae,26
118,,,,Ficus ischnopoda,5569955,Moraceae,142
119,,,,Ficus oleifolia,7262471,Moraceae,0
120,,,,Ficus sinuata,5834136,Moraceae,25
121,,Forked Fimbry,Forked Fimbry,Fimbristylis dichotoma,2708808,Cyperaceae,264
122,,Batoka Plum,Batoka Plum,Flacourtia indica,5331162,Salicaceae,153
123,,Rukam,Rukam,Flacourtia rukam,5331160,Salicaceae,0
124,,Bush Cane,Bush Cane,Flagellaria indica,5287564,Flagellariaceae,50
125,,Common Bushweed,Common Bushweed,Flueggea virosa,5382823,Phyllanthaceae,182
126,,,,Gaertnera junghuhniana,5339665,Rubiaceae,0
127,,,,Garcinia merguensis,7447549,Clusiaceae,137
128,,Varavalli,Varavalli,Getonia floribunda,3699976,Combretaceae,126
129,,Common Glochidion,Common Glochidion,Glochidion rubrum,3080882,Phyllanthaceae,167
130,,Belinjau,Belinjau,Gnetum gnemon,2653133,Gnetaceae,42
131,,,,Gomphia serrata,3694784,Ochnaceae,37
132,,,,Gomphostemma strobilinum,8208178,Lamiaceae,147
133,,,,Grewia eriocarpa,4260147,Malvaceae,146
134,,Asian Ticktrefoil,Asian Ticktrefoil,Grona heterocarpos,10775938,Fabaceae,283
135,,,,Gymnacranthera farquhariana,7333592,Myristicaceae,0
136,,Five-leaf gynostemma,Five-leaf gynostemma,Gynostemma pentaphyllum,7317960,Cucurbitaceae,184
137,,Fish Eyes,Fish Eyes,Gynotroches axillaris,3086530,Rhizophoraceae,31
138,,,,Hancea penangensis,5377985,Euphorbiaceae,0
139,,,,Haplanthus laxiflorus,9559369,Acanthaceae,129
140,,Tape Fern,Tape Fern,Haplopteris elongata,4047699,Pteridaceae,69
141,ทานตะวัน,Annual Sunflower,Annual Sunflower,Helianthus annuus,9206251,Asteraceae,0
142,,,,Helicteres hirsuta,8217389,Malvaceae,125
143,,,,Hellenia speciosa,7584507,Costaceae,125
144,,black spear grass,black spear grass,Heteropogon contortus,5290179,Poaceae,129
145,,,,Holarrhena curtisii,3621199,Apocynaceae,135
146,,Bitter Oleander,Bitter Oleander,Holarrhena pubescens,3169748,Apocynaceae,191
147,,Spurge,Spurge,Homalanthus populneus,3072674,Euphorbiaceae,0
148,,Willow-Leaved Water Croton,Willow-Leaved Water Croton,Homonoia riparia,3071623,Euphorbiaceae,156
149,,,,Hubera rumphii,7624428,Annonaceae,0
150,,ichnocarpus,ichnocarpus,Ichnocarpus frutescens,7778424,Apocynaceae,147
151,,Marsh Holly,Marsh Holly,Ilex cymosa,5533710,Aquifoliaceae,58
152,,,,Ixora cibdela,2905586,Rubiaceae,163
153,เข็มแดง,,,Ixora coccinea,8793122,Rubiaceae,0
154,,,,Knema globularia,3743505,Myristicaceae,137
155,,Thai Crape-Myrtle,Thai Crape-Myrtle,Lagerstroemia floribunda,3988950,Lythraceae,132
156,,Bandicoot Berry,Bandicoot Berry,Leea indica,4160336,Vitaceae,204
157,,,,Leptonychia caudata,3669745,Malvaceae,65
158,,"Horse/wild tamarind, Jumbie bean, Lead tree, Leucaena","Horse/wild tamarind, Jumbie bean, Lead tree, Leucaena",Leucaena leucocephala,2970418,Fabaceae,142
159,,Graceful Necklace Fern,Graceful Necklace Fern,Lindsaea ensifolia,2650772,Lindsaeaceae,152
160,,,,Lithocarpus elegans,5332363,Fagaceae,207
161,,Sunda Oak,Sunda Oak,Lithocarpus sundaicus,5332541,Fagaceae,33
162,,Bolly Beech,Bolly Beech,Litsea glutinosa,7304140,Lauraceae,204
163,,,,Litsea monopetala,4182444,Lauraceae,121
164,,,,Litsea umbellata,7304473,Lauraceae,138
165,,maidenhair creeper,maidenhair creeper,Lygodium flexuosum,3744838,Lygodiaceae,214
166,,,,Maasia sumatrana,3648484,Annonaceae,0
167,,,,Macaranga denticulata,3073960,Euphorbiaceae,126
168,,,,Maesa montana,7330858,Primulaceae,152
169,,,,Maesa ramentacea,7368771,Primulaceae,258
170,,egg magnolia,egg magnolia,Magnolia liliifera,3153525,Magnoliaceae,32
171,,Kamala,Kamala,Mallotus mollissimus,5378576,Euphorbiaceae,0
172,,,,Mallotus peltatus,5378721,Euphorbiaceae,274
173,,Kamala tree,Kamala tree,Mallotus philippensis,5378605,Euphorbiaceae,159
174,มะม่วง,Am,Am,Mangifera indica,3190638,Anacardiaceae,60
175,,,,Markhamia stipulata,7298701,Bignoniaceae,123
176,,,,Medinilla crassifolia,3867763,Melastomataceae,0
177,,Indian-rhododendron,Indian-rhododendron,Melastoma malabathricum,3188511,Melastomataceae,221
178,,,,Meliosma sumatrana,3838455,Sabiaceae,0
179,,Gunpowder tree,Gunpowder tree,Melochia umbellata,3152126,Malvaceae,52
180,,,,Memecylon paniculatum,3864813,Melastomataceae,0
181,,,,Memecylon plebejum,3864602,Melastomataceae,134
182,,,,Memecylon scutellatum,3864081,Melastomataceae,135
183,,,,Microdesmis caseariifolia,3075537,Pandaceae,138
184,,Cave Fern,Cave Fern,Microlepia speluncae,2650730,Dennstaedtiaceae,182
185,,limeberry,limeberry,Micromelum minutum,7269555,Rutaceae,189
186,,pimple fern,pimple fern,Microsorum membranifolium,4025061,Polypodiaceae,45
187,,Creeping Dune Fern,Creeping Dune Fern,Microsorum scolopendria,2650532,Polypodiaceae,32
188,,Bundled Browntop Grass,Bundled Browntop Grass,Microstegium fasciculatum,5674975,Poaceae,123
189,,Action Plant,Action Plant,Mimosa pudica,2969284,Fabaceae,178
190,,,,Nauclea subdita,5339121,Rubiaceae,0
191,บัวหลวง,Bean of India,Bean of India,Nelumbo nucifera,2882449,Nelumbonaceae,87
192,,Slender Pitcher-Plant,Slender Pitcher-Plant,Nepenthes gracilis,3702049,Nepenthaceae,0
193,,Rambutan,Rambutan,Nephelium lappaceum,5421126,Sapindaceae,34
194,,,,Nephrolepis biserrata,12262828,Nephrolepidaceae,84
195,,"Tropical Kudzu, Kudzu, Wild Kudzu Vine, Puero","Tropical Kudzu, Kudzu, Wild Kudzu Vine, Puero",Neustanthus phaseoloides,2977687,Fabaceae,126
196,บัวผัน,Water Lily,,Nymphaea sp.,2882411,Nymphaeaceae,0
197,,Yellow Mai,Yellow Mai,Ochna integerrima,3695976,Ochnaceae,195
198,กระเพรา,Holy Basil,Holy Basil,Ocimum tenuiflorum,2927100,Lamiaceae,50
199,,Awned Panick Grass,Awned Panick Grass,Oplismenus compositus,2705733,Poaceae,156
200,,,,Oreocnide rubescens,4099400,Urticaceae,57
201,,Asian rice,Asian rice,Oryza sativa,2703459,Poaceae,163
202,,,,Ostodes paniculata,5378866,Euphorbiaceae,132
203,,Chinese fever vine,Chinese fever vine,Paederia foetida,2909527,Rubiaceae,124
204,,,,Peliosanthes teta,2774071,Asparagaceae,155
205,,,,Pentacme siamensis,4097114,Dipterocarpaceae,153
206,,,,Perrottetia alpestris,7382094,Dipentodontaceae,0
207,,Chinese knotweed,Chinese knotweed,Persicaria chinensis,4036385,Polygonaceae,298
208,กล้วยไม้ฟาแลนอปซิส,,,Phalaenopsis amabilis,5311007,Orchidaceae,0
209,,,,Phanera bracteata,3978268,Fabaceae,152
210,,,,Phanera kockiana,2953058,Fabaceae,0
211,,coarse tassel-fern,coarse tassel-fern,Phlegmariurus phlegmaria,7448919,Lycopodiaceae,36
212,,,,Phoebe lanceolata,5685051,Lauraceae,275
213,,,,Phyllanthus roseus,5381816,Phyllanthaceae,151
214,,Pretty Dragon's Tongue,Pretty Dragon's Tongue,Phyllodium pulchellum,2948568,Fabaceae,142
215,,,,Picrasma javanica,3708935,Simaroubaceae,139
216,,Common piper,Common piper,Piper lanatum,4190512,Piperaceae,49
217,,False Stinger,False Stinger,Pipturus argenteus,6414892,Urticaceae,0
218,,Rusty Pittosporum,Rusty Pittosporum,Pittosporum ferrugineum,7303859,Pittosporaceae,37
219,,Black ash,Black ash,Planchonella obovata,5334135,Sapotaceae,76
220,,Brown Pine,Brown Pine,Podocarpus neriifolius,5286088,Podocarpaceae,48
221,,Velvet-Leaf Desmodium,Velvet-Leaf Desmodium,Polhillides velutina,10829464,Fabaceae,155
222,,,,Polyalthia cauliflora,3156385,Annonaceae,35
223,,,,Polygala venenosa,7293319,Polygalaceae,0
224,,Fijian longan,Fijian longan,Pometia pinnata,5577338,Sapindaceae,35
225,,Indian beech tree,Indian beech tree,Pongamia pinnata,2965911,Fabaceae,55
226,,,,Popowia pisocarpa,3156655,Annonaceae,0
227,,bastard guelder,bastard guelder,Premna serratifolia,6411486,Lamiaceae,60
228,,,,Prismatomeris tetrandra,2909739,Rubiaceae,177
229,,,,Prunus arborea,3021654,Rosaceae,62
230,,,,Pteris venusta,5614346,Pteridaceae,136
231,,,,Pternandra coerulescens,3867758,Melastomataceae,41
232,ต้นประดู่,Burma Padauk,Burma Padauk,Pterocarpus macrocarpus,5349297,Fabaceae,187
233,,Lanceleaf Tongue Fern,Lanceleaf Tongue Fern,Pyrrosia lanceolata,5648124,Polypodiaceae,178
234,,,,Rhaphiolepis bengalensis,10869066,Rosaceae,143
235,,Silverback,Silverback,Rhodamnia cinerea,3185983,Myrtaceae,32
236,,,,Rostellularia procumbens,7264292,Acanthaceae,130
237,,Blue Fountain Bush,Blue Fountain Bush,Rotheca serrata,3887135,Lamiaceae,189
238,,Broad-leaf Bramble,Broad-leaf Bramble,Rubus moluccanus,2993394,Rosaceae,31
239,,,,Salacia chinensis,5414293,Celastraceae,152
240,ต้นก้ามปู,French-tamarind,French-tamarind,Samanea saman,2972960,Fabaceae,31
241,,needlewood,needlewood,Schima wallichii,7493943,Theaceae,168
242,,Light Red Meranti,Light Red Meranti,Shorea leprosula,4097193,Dipterocarpaceae,0
243,,light-red meranti,light-red meranti,Shorea parvifolia,4096343,Dipterocarpaceae,0
244,,,,Smilax lanceifolia,5295425,Smilacaceae,143
245,,,,Spatholobus parviflorus,2977014,Fabaceae,148
246,,,,Sphaeropteris glauca,5529713,Cyatheaceae,35
247,,Climbing Swamp fern,Climbing Swamp fern,Stenochlaena palustris,4079023,Blechnaceae,27
248,,,,Strobilanthes dimorphotricha,3781184,Acanthaceae,138
249,,,,Strobocalyx arborea,3125210,Asteraceae,34
250,,Siam benzoin,Siam benzoin,Styrax benzoides,5371675,Styracaceae,127
251,,,,Suregada glomerulata,3054917,Euphorbiaceae,0
252,,,,Suregada multiflora,3054898,Euphorbiaceae,217
253,,,,Symplocos adenophylla,7730615,Symplocaceae,49
254,,lodhtree,lodhtree,Symplocos racemosa,7902154,Symplocaceae,195
255,,,,Symplocos sulcata,3644207,Symplocaceae,128
256,,,,Syzygium acuminatissimum,3182540,Myrtaceae,0
257,,Trefle Gros,Trefle Gros,Tadehagi triquetrum,2950828,Fabaceae,171
258,ดาวเรือง,African Marigold,African Marigold,Tagetes erecta,3088488,Asteraceae,0
259,,,,Tectaria herpetocaulos,8384756,Tectariaceae,120
260,,,,Tectaria impressa,7724229,Tectariaceae,149
261,ต้นสัก,Bankok teak,Bankok teak,Tectona grandis,2925649,Lamiaceae,64
262,,Coat Buttons,Coat Buttons,Tridax procumbens,3149462,Asteraceae,161
263,,,,Uncaria cordata,5338120,Rubiaceae,50
264,,,,Uncaria lanosa,5338207,Rubiaceae,28
265,,,,Uraria oblonga,10685285,Fabaceae,120
266,,,,Urceola laevigata,9827170,Apocynaceae,123
267,,Caesar Weed,Caesar Weed,Urena lobata,3152253,Malvaceae,144
268,,,,Utania racemosa,8413821,Gentianaceae,40
269,,,,Vaccinium sprengelii,4167924,Ericaceae,131
270,กล้วยไม้แวนด้า,Vanda Orchid,,Vanda sp.,2783121,Orchidaceae,0
271,,Malayan Teak,Malayan Teak,Vitex pinnata,7309306,Lamiaceae,173
272,โมก,water-jasmine,water-jasmine,Wrightia religiosa,5536701,Apocynaceae,54
273,ชวนชม,Desert Rose,Desert Rose,Adenium obesum,7155887,Apocynaceae,0
274,โกลเดนไพรเวท,California Privet,California Privet,Ligustrum ovalifolium,3172291,Oleaceae,0
275,เจแปนนีสสปินเดิล,Evergreen Spindle,Evergreen Spindle,Euonymus japonicus,7102937,Celastraceae,0
276,ต้นโอลีฟ,African Olive,African Olive,Olea europaea,5415040,Oleaceae,0
277,มอนสเตอร่า,Ceriman,Ceriman,Monstera deliciosa,2868241,Araceae,0
278,ไม้พุ่มทรงกลม,Japanese Box,Japanese Box,Buxus microphylla,2984672,Buxaceae,0
279,ชงโคฮ่องกง,Bauhinia,Bauhinia,Bauhinia blakeana,2953373,Fabaceae,0
280,สับปะรดสี,Urnplant,Urnplant,Aechmea fasciata,2698346,Bromeliaceae,0
281,,Bayhops,Bayhops,Ipomoea pes-caprae,7999386,Convolvulaceae,136
282,,Chinese water-spinach,Chinese water-spinach,Ipomoea aquatica,2928525,Convolvulaceae,130
283,,,,Tetrapilus salicifolius,12187863,Oleaceae,121
284,,,,Barleria strigosa,3770457,Acanthaceae,121
285,,Coffee Bush,Coffee Bush,Clausena excavata,5834596,Rutaceae,121
286,,,,Isodon lophanthoides,8060712,Lamiaceae,121
287,,,,Pleocnemia irregularis,4042979,Dryopteridaceae,120
288,,,,Millettia xylocarpa,5355719,Fabaceae,120
289,,Lluvia De Orquideas,Lluvia De Orquideas,Congea tomentosa,2925568,Lamiaceae,119
290,,Jarul,Jarul,Lagerstroemia speciosa,3188724,Lythraceae,119
291,,Crown Milkweed,Crown Milkweed,Calotropis gigantea,3579089,Apocynaceae,119
292,,,,Begonia integrifolia,4158735,Begoniaceae,119
293,,,,Gymnosphaera gigantea,5530129,Cyatheaceae,119
294,,coastal boodyarra,coastal boodyarra,Aglaia elaeagnoidea,5597755,Meliaceae,119
295,,,,Trichosanthes rubriflos,7317608,Cucurbitaceae,119
296,,,,Breynia bicolor,9493786,Phyllanthaceae,119
297,,microcos,microcos,Microcos paniculata,4259928,Malvaceae,118
298,,,,Rhynchoglossum obliquum,6365559,Gesneriaceae,118
299,,Fairy Christmas Tree,Fairy Christmas Tree,Palhinhaea cernua,6385660,Lycopodiaceae,118
300,,Sea hibiscus,Sea hibiscus,Talipariti tiliaceum,7115794,Malvaceae,118
301,,Chase's Glenwood grass,Chase's Glenwood grass,Sacciolepis indica,2703626,Poaceae,117
302,,Florida Keys Nutrush,Florida Keys Nutrush,Scleria lithosperma,2712534,Cyperaceae,117
303,,,,Ixora javanica,2905700,Rubiaceae,117
304,,,,Diospyros ferrea,3032960,Ebenaceae,117
305,,,,Balakata baccata,3063658,Euphorbiaceae,117
306,,,,Christella subelata,4082980,Thelypteridaceae,117
307,,Thinleaf Brake,Thinleaf Brake,Pteris biaurita,5275396,Pteridaceae,117
308,,Moreton Island rattlepod,Moreton Island rattlepod,Crotalaria pallida,8260433,Fabaceae,117
309,,,,Arenga caudata,2733957,Arecaceae,116
310,,,,Clerodendrum infortunatum,3892486,Lamiaceae,116
311,,reed grass,reed grass,Arundinella setosa,4112325,Poaceae,116
312,,Ironwood,Ironwood,Hopea odorata,5669231,Dipterocarpaceae,116
313,,,,Carex indica,2712224,Cyperaceae,115
314,,Dancing Girl Ginger,Dancing Girl Ginger,Globba schomburgkii,2757889,Zingiberaceae,115
315,,Climbing Bridelia,Climbing Bridelia,Bridelia stipularis,3076290,Phyllanthaceae,115
316,,,,Memecylon lilacinum,3865766,Melastomataceae,115
317,,,,Millettia brandisiana,5355870,Fabaceae,115
318,,Green Plum,Green Plum,Buchanania arborescens,5544059,Anacardiaceae,115
319,,Rose Wood,Rose Wood,Dalbergia cochinchinensis,2968506,Fabaceae,114
320,,black currant-tree,black currant-tree,Antidesma ghaesembilla,3076438,Phyllanthaceae,114
321,,waya bamboo,waya bamboo,Dendrocalamus membranaceus,4145467,Poaceae,114
322,,,,Gironniera subaequalis,4159324,Cannabaceae,114
323,,Chinese love grass,Chinese love grass,Eragrostis unioloides,2705340,Poaceae,113
324,,,,Saurauia roxburghii,3644350,Actinidiaceae,113
325,,kaayam,kaayam,Memecylon edule,3866993,Melastomataceae,113
326,,,,Flemingia sootepensis,5359896,Fabaceae,113
327,,Aute,Aute,Broussonetia papyrifera,5361944,Moraceae,113
328,,Turn-in-the-wind,Turn-in-the-wind,Mallotus paniculatus,5378650,Euphorbiaceae,113
329,,,,Dryopteris pseudocaenopteris,8354599,Dryopteridaceae,113
330,,,,Piper boehmeriifolium,8411176,Piperaceae,113
331,,Diffused Flatsedge,Diffused Flatsedge,Cyperus diffusus,2713932,Cyperaceae,112
332,,Pagoda Flower,Pagoda Flower,Clerodendrum paniculatum,3890745,Lamiaceae,112
333,,Chinese Pothos,Chinese Pothos,Pothos chinensis,5330311,Araceae,112
334,,,,Pothos scandens,5330394,Araceae,112
335,,oval-leaf lyonia,oval-leaf lyonia,Lyonia ovalifolia,7328514,Ericaceae,112
336,,Siamese Yellowleaf,Siamese Yellowleaf,Xanthophyllum flavescens,7580773,Polygalaceae,112
337,,Bead nutrush,Bead nutrush,Scleria levis,2712752,Cyperaceae,111
338,,Taiwan crotalaria,Taiwan crotalaria,Crotalaria albida,2942052,Fabaceae,111
339,,Australian wax jasmine,Australian wax jasmine,Jasminum simplicifolium,3682067,Oleaceae,111
340,,,,Castanopsis tribuloides,5333084,Fagaceae,111
341,,,,Galearia fulva,5380993,Pandaceae,111
342,,rough-leaf leucas,rough-leaf leucas,Leucas decemdentata,7307245,Lamiaceae,111
343,,Globe Kyllinga,Globe Kyllinga,Cyperus brevifolius,2718767,Cyperaceae,110
344,,,,Phanera ornata,2953791,Fabaceae,110
345,,Red Memphat,Red Memphat,Cratoxylum cochinchinense,3712064,Hypericaceae,110
346,,,,Pogostemon menthoides,3899825,Lamiaceae,110
347,,Oriental blechnum,Oriental blechnum,Blechnopsis orientalis,4079429,Blechnaceae,110
348,,,,Microcos tomentosa,4259769,Malvaceae,110
349,,White-stemmed Button Vine,White-stemmed Button Vine,Cissus hastata,7596599,Vitaceae,110
350,,White Meranti,White Meranti,Anthoshorea roxburghii,12225557,Dipterocarpaceae,109
351,,Wooded Hypolytrum,Wooded Hypolytrum,Hypolytrum nemorum,2709295,Cyperaceae,109
352,,Elephant's Ear,Elephant's Ear,Macaranga tanarius,3074251,Euphorbiaceae,109
353,,blue twilight,blue twilight,Pseuderanthemum graciliflorum,3781048,Acanthaceae,109
354,,,,Agapetes hosseana,4164044,Ericaceae,109
355,,,,Impatiens violiflora,4194029,Balsaminaceae,109
356,,Dwarf Hare's-foot Fern,Dwarf Hare's-foot Fern,Davallia repens,4204959,Davalliaceae,109
357,,three-stamen pollia,three-stamen pollia,Pollia secundiflora,5303475,Commelinaceae,109
358,,,,Alyxia reinwardtii,7317401,Apocynaceae,109
359,,,,Argyreia capitiformis,7324204,Convolvulaceae,109
360,,,,Ardisia corymbifera,7331177,Primulaceae,109
361,,Burma Ironwood,Burma Ironwood,Xylia xylocarpa,7976013,Fabaceae,109
362,,,,Scleria terrestris,2712931,Cyperaceae,108
363,,,,Ampelocissus martini,4053648,Vitaceae,108
364,,,,Dunbaria bella,5356326,Fabaceae,108
365,,Sorrowless Tree,Sorrowless Tree,Saraca declinata,5359533,Fabaceae,108
366,,,,Aporosa villosa,5383493,Phyllanthaceae,108
367,,,,Combretum latifolium,8344668,Combretaceae,108
368,,,,Globba pendula,2757900,Zingiberaceae,107
369,,Climbing Flower Cup,Climbing Flower Cup,Floscopa scandens,2765559,Commelinaceae,107
370,,,,Archidendron jiringa,2941605,Fabaceae,107
371,,,,Gomphandra quadrifida,3597359,Stemonuraceae,107
372,,,,Olax psittacorum,3686148,Olacaceae,107
373,,,,Lagerstroemia tomentosa,3988234,Lythraceae,107
374,,,,Rinorea macrophylla,4074872,Violaceae,107
375,,,,Lepisanthes tetraphylla,7264786,Sapindaceae,107
376,,,,Breynia quadrangularis,9422573,Phyllanthaceae,107
377,,Tailed Maidenhair,Tailed Maidenhair,Adiantum caudatum,2651833,Pteridaceae,106
378,,,,Excoecaria philippinensis,3071666,Euphorbiaceae,106
379,,,,Osbeckia chinensis,3866460,Melastomataceae,106
380,,Chinese Eriosema,Chinese Eriosema,Eriosema chinense,5348930,Fabaceae,106
381,,Vegetable fern,Vegetable fern,Diplazium esculentum,2650858,Athyriaceae,105
382,,,,Eriocaulon nepalense,2690385,Eriocaulaceae,105
383,,,,Harrisonia perforata,3708966,Rutaceae,105
384,,,,Lepisanthes rubiginosa,3784961,Sapindaceae,105
385,,Wild hops,Wild hops,Flemingia strobilifera,5359843,Fabaceae,105
386,,,,Ardisia polysticta,7331082,Primulaceae,105
387,,,,Justicia quadrifaria,7840408,Acanthaceae,105
388,,,,Huangtcia oblata,10762215,Fabaceae,104
389,,Black Siris,Black Siris,Albizia odoratissima,2973031,Fabaceae,104
390,,,,Glochidion sphaerogynum,3080312,Phyllanthaceae,104
391,,,,Symplocos acuminata,3643394,Symplocaceae,104
392,,,,Mallotus decipiens,5378543,Euphorbiaceae,104
393,,,,Breynia glauca,5383041,Phyllanthaceae,104
394,,,,Ardisia complanata,5557215,Primulaceae,104
395,,,,Helicia nilagirica,5637355,Proteaceae,104
396,,,,Sindora siamensis,2943376,Fabaceae,103
397,,Clearweed,Clearweed,Peperomia pellucida,3086412,Piperaceae,103
398,,Common yellow-stem fig,Common yellow-stem fig,Ficus fistulosa,7262725,Moraceae,103
399,,,,Lepidagathis incurva,7263961,Acanthaceae,103
400,,Indian Olive,Indian Olive,Elaeocarpus floribundus,7290985,Elaeocarpaceae,103
401,,,,Anneslea fragrans,7342732,Pentaphylacaceae,103
402,,,,Rourea minor,7780480,Connaraceae,103
403,,Angle Grass,Angle Grass,Themeda triandra,2703467,Poaceae,102
404,,Fetid passionflower,Fetid passionflower,Passiflora foetida,2874211,Passifloraceae,102
405,,,,Blumeopsis flava,3099178,Asteraceae,102
406,,,,Ellipanthus tomentosus,3687000,Connaraceae,102
407,,,,Heynea trijuga,3852273,Meliaceae,102
408,,Glutene-rice Grass,Glutene-rice Grass,Apluda mutica,5289910,Poaceae,102
409,,,,Mallotus khasianus,5378644,Euphorbiaceae,102
410,,,,Psychotria adenophylla,2923698,Rubiaceae,101
411,,Ceylon-oak,Ceylon-oak,Schleichera oleosa,3189945,Sapindaceae,101
412,,,,Drynaria bonii,4025506,Polypodiaceae,101
413,,,,Cyrtococcum oxyphyllum,4132960,Poaceae,101
414,,Hairy Fig,Hairy Fig,Ficus simplicissima,5570563,Moraceae,101
415,,Fiveangle Fimbry,Fiveangle Fimbry,Fimbristylis quinquangularis,2709171,Cyperaceae,100
416,,Pacific Island Flatsedge,Pacific Island Flatsedge,Cyperus cyperoides,2714453,Cyperaceae,100
417,,,,Clitoria macrophylla,2946571,Fabaceae,100
418,,,,Bauhinia pottsii,2953403,Fabaceae,100
419,,Delicate spikemoss,Delicate spikemoss,Selaginella delicatula,3710030,Selaginellaceae,100
420,,,,Taenitis blechnoides,3747814,Pteridaceae,100
421,,,,Turpinia cochinchinensis,5550210,Staphyleaceae,100
422,,,,Ardisia oxyphylla,7422579,Primulaceae,100
423,,Red Sandalwood,Red Sandalwood,Adenanthera microsperma,2951851,Fabaceae,99
424,,,,Dysolobium grande,2963397,Fabaceae,99
425,,,,Hydnocarpus ilicifolius,3878122,Achariaceae,99
426,,,,Premna herbacea,3897506,Lamiaceae,99
427,,Hay Rake Fern,Hay Rake Fern,Dicranopteris linearis,5275373,Gleicheniaceae,99
428,,Crested Cat Ears,Crested Cat Ears,Cyanotis cristata,5303371,Commelinaceae,99
429,,,,Kaempferia elegans,7533177,Zingiberaceae,99
430,,,,Ficus chartacea,7707684,Moraceae,99
431,,,,Causonis trifolia,10995009,Vitaceae,98
432,,Devil's-fig,Devil's-fig,Solanum torvum,2932389,Solanaceae,98
433,,,,Acalypha kerrii,3056040,Euphorbiaceae,98
434,,,,Bridelia retusa,3076196,Phyllanthaceae,98
435,,Bay Biscayne creeping-oxeye,Bay Biscayne creeping-oxeye,Sphagneticola trilobata,3116842,Asteraceae,98
436,,,,Tabernaemontana bufalina,3618589,Apocynaceae,98
437,,,,Combretum quadrangulare,3698705,Combretaceae,98
438,,,,Diospyros sumatrana,4070138,Ebenaceae,98
439,,,,Flemingia lineata,5359831,Fabaceae,98
440,,,,Crypteronia paniculata,8173081,Crypteroniaceae,98
441,,,,Teyleria stricta,10865206,Fabaceae,97
442,,Showy Pigeonpea,Showy Pigeonpea,Cajanus scarabaeoides,2960284,Fabaceae,97
443,,,,Indigofera caloneura,2972255,Fabaceae,97
444,,Torres Strait scrambler,Torres Strait scrambler,Uvaria rufa,3154300,Annonaceae,97
445,,Hiptage,Hiptage,Hiptage benghalensis,3191302,Malpighiaceae,97
446,,Chinese elder,Chinese elder,Sambucus javanica,3856236,Viburnaceae,97
447,,,,Senegalia megaladena,7521523,Fabaceae,97
448,,,,Sterculia balanghas,7820224,Malvaceae,97
449,,,,Syzygium siamense,3182011,Myrtaceae,96
450,,,,Eurycoma longifolia,3709190,Simaroubaceae,96
451,,slender-panic grass,slender-panic grass,Ottochloa nodosa,4105416,Poaceae,96
452,,,,Lagerstroemia loudonii,4927610,Lythraceae,96
453,,,,Dryopteris cochleata,5655205,Dryopteridaceae,96
454,,,,Ficus glaberrima,7733052,Moraceae,96
455,,,,Haymondia wallichii,10683748,Fabaceae,95
456,,,,Dalbergia cana,2968359,Fabaceae,95
457,,dancing plant,dancing plant,Codariocalyx motorius,2968949,Fabaceae,95
458,,Common Swamp Pitcher-Plant,Common Swamp Pitcher-Plant,Nepenthes mirabilis,3190712,Nepenthaceae,95
459,,Indian red-pear,Indian red-pear,Protium serratum,3993153,Burseraceae,95
460,,Elephant ear fig,Elephant ear fig,Ficus auriculata,5571773,Moraceae,95
461,,,,Christella dentata,7160028,Thelypteridaceae,95
462,,,,Bolbitis virens,7288755,Dryopteridaceae,95
463,,,,Crepidomanes bipunctatum,7315649,Hymenophyllaceae,95
464,,Willdenow's spikemoss,Willdenow's spikemoss,Selaginella willdenowii,8688934,Selaginellaceae,95
465,,Climbing bird's nest fern,Climbing bird's nest fern,Microsorum punctatum,2650536,Polypodiaceae,94
466,,Wild Randa,Wild Randa,Aidia densiflora,2919824,Rubiaceae,94
467,,,,Rungia pectinata,3780135,Acanthaceae,94
468,,cockspurthorn,cockspurthorn,Maclura cochinchinensis,7262552,Moraceae,94
469,,,,Selaginella ostenfeldii,8247794,Selaginellaceae,94
470,,Grasshopper's Cyperus,Grasshopper's Cyperus,Cyperus iria,2715729,Cyperaceae,93
471,,,,Bridelia glauca,3076269,Phyllanthaceae,93
472,,Potato bush,Potato bush,Phyllanthus reticulatus,5382478,Phyllanthaceae,93
473,,Narrow-leaved Screwtree,Narrow-leaved Screwtree,Helicteres angustifolia,5547507,Malvaceae,93
474,,,,Glycosmis mauritiana,7269030,Rutaceae,93
475,,Elecampane,Elecampane,Duhaldea cappa,8661547,Asteraceae,93
476,,,,Dalbergia nigrescens,2968399,Fabaceae,92
477,,Montane Baliospermum,Montane Baliospermum,Baliospermum solanifolium,3062296,Euphorbiaceae,92
478,,,,Drypetes pendula,3075764,Putranjivaceae,92
479,,,,Strobilanthes quadrifaria,3778731,Acanthaceae,92
480,,,,Mischocarpus pentapetalus,3788081,Sapindaceae,92
481,,Bombay Ebony,Bombay Ebony,Diospyros montana,4070768,Ebenaceae,92
482,,,,Christella parasitica,4083193,Thelypteridaceae,92
483,,,,Grewia abutilifolia,4260812,Malvaceae,92
484,,Bishopwood,Bishopwood,Bischofia javanica,5383085,Phyllanthaceae,92
485,,"Ageratum, Billy goat weed, Blue ageratum, Blue flowered groundsel, Blue top, Goat weed, Mother brinkly, Tropic ateratum, Tropical whiteweed, White weed, Winter weed","Ageratum, Billy goat weed, Blue ageratum, Blue flowered groundsel, Blue top, Goat weed, Mother brinkly, Tropic ateratum, Tropical whiteweed, White weed, Winter weed",Ageratum conyzoides,5401673,Asteraceae,92
486,,Snake vine,Snake vine,Stephania japonica,7268792,Menispermaceae,92
487,,,,Imbralyx leucanthus,11405495,Fabaceae,91
488,,,,Reholttumia truncata,11586306,Thelypteridaceae,91
489,,Asiatic butterfly-bush,Asiatic butterfly-bush,Buddleja asiatica,3173333,Scrophulariaceae,91
490,,Black Plum,Black Plum,Syzygium cumini,3183840,Myrtaceae,91
491,,Tapering Leaf Eurya,Tapering Leaf Eurya,Eurya acuminata,3591824,Pentaphylacaceae,91
492,,,,Rinorea anguifera,4077503,Violaceae,91
493,,Madagascar Tree Fern,Madagascar Tree Fern,Angiopteris evecta,5274878,Marattiaceae,91
494,,Clustered Blumea,Clustered Blumea,Blumea fistulosa,5395671,Asteraceae,91
495,,Cracker Plant,Cracker Plant,Ruellia tuberosa,5415418,Acanthaceae,91
496,,,,Premna tomentosa,7657266,Lamiaceae,91
497,,,,Vitex peduncularis,8188339,Lamiaceae,91
498,,Rangoon creeper,Rangoon creeper,Combretum indicum,12203608,Combretaceae,90
499,,Rainforest Spleenwort,Rainforest Spleenwort,Asplenium normale,2650655,Aspleniaceae,90
500,,,,Dioscorea arachidna,2755695,Dioscoreaceae,90
501,,China flowerleaf,China flowerleaf,Solanum erianthum,2931461,Solanaceae,90
502,,Velvet Tamarind,Velvet Tamarind,Dialium cochinchinense,2970961,Fabaceae,90
503,,,,Streptocaulon juventas,3572291,Apocynaceae,90
504,,,,Fernandoa adenophylla,4093859,Bignoniaceae,90
505,,,,Rhaphidophora peepla,5329683,Araceae,90
506,,,,Ardisia helferiana,5558269,Primulaceae,90
507,,Broad-pinna Colysis,Broad-pinna Colysis,Leptochilus ellipticus,5646838,Polypodiaceae,90
508,,,,Cheilanthes tenuifolia,7173530,Pteridaceae,90
509,,,,Dalbergia cultrata,8108643,Fabaceae,90
510,,,,Glycosmis pentaphylla,8241662,Rutaceae,90
511,,teripod,teripod,Moullava digyna,9387656,Fabaceae,90
512,,,,Sohmaea laxiflora,10690761,Fabaceae,89
513,,,,Dendrolobium lanceolatum,2946825,Fabaceae,89
514,,,,Indigofera cassioides,2971507,Fabaceae,89
515,,,,Pseuduvaria rugosa,3157701,Annonaceae,89
516,,,,Syzygium antisepticum,3183617,Myrtaceae,89
517,,,,Schoepfia fragrans,3685569,Schoepfiaceae,89
518,,Native Grapes,Native Grapes,Pericampylus glaucus,3829373,Menispermaceae,89
519,,Golden Chicken Fern,Golden Chicken Fern,Cibotium barometz,4195539,Cibotiaceae,89
520,,,,Pyrrosia stigmosa,5647768,Polypodiaceae,89
521,,,,Macrosolen cochinchinensis,7287970,Loranthaceae,89
522,,Widened Twin-sorus Fern,Widened Twin-sorus Fern,Diplazium dilatatum,7289120,Athyriaceae,89
523,,,,Vitex canescens,7374978,Lamiaceae,89
524,,,,Elaeocarpus petiolatus,7851195,Elaeocarpaceae,89
525,,,,Artocarpus lacucha,7873234,Moraceae,89
526,,Dutchman's Pipe,Dutchman's Pipe,Aristolochia acuminata,8207569,Aristolochiaceae,89
527,,,,Breynia hirsuta,8855663,Phyllanthaceae,89
528,,Ditchgrass,Ditchgrass,Paspalum scrobiculatum,2705610,Poaceae,88
529,,,,Cyperus compactus,2714640,Cyperaceae,88
530,,Chinese Ginger,Chinese Ginger,Boesenbergia rotunda,2758480,Zingiberaceae,88
531,,Balsam Pear,Balsam Pear,Momordica charantia,2874581,Cucurbitaceae,88
532,,Adam's-apple,Adam's-apple,Tabernaemontana divaricata,3169625,Apocynaceae,88
533,,,,Urobotrya siamensis,3658956,Opiliaceae,88
534,,,,Grewia hirsuta,4259716,Malvaceae,88
535,,Loureir's Date Palm,Loureir's Date Palm,Phoenix loureiroi,5293119,Arecaceae,88
536,,Indian willow,Indian willow,Salix tetrasperma,5582578,Salicaceae,88
537,,Shining Eurya,Shining Eurya,Eurya nitida,7152542,Pentaphylacaceae,88
538,,Red Beautyberry,Red Beautyberry,Callicarpa rubella,7308743,Lamiaceae,88
539,,,,Lygodium polystachyum,7370132,Lygodiaceae,88
540,,,,Elaeocarpus robustus,7593638,Elaeocarpaceae,88
541,,Neke Fern,Neke Fern,Cyclosorus interruptus,7708168,Thelypteridaceae,88
542,,,,Vitex quinata,8276186,Lamiaceae,88
543,,Purple milletia,Purple milletia,Adinobotrys atropurpureus,2952276,Fabaceae,87
544,,,,Cladogynos orientalis,3057416,Euphorbiaceae,87
545,,Brittle False Pimpernel,Brittle False Pimpernel,Torenia crustacea,3171892,Linderniaceae,87
546,,Broad-leaved Bowgrass,Broad-leaved Bowgrass,Cyrtococcum accrescens,4133116,Poaceae,87
547,,,,Colona floribunda,4261594,Malvaceae,87
548,,,,Colona flagrocarpa,4261600,Malvaceae,87
549,,Watergrass,Watergrass,Bulbostylis barbata,5292372,Cyperaceae,87
550,,,,Phrynium pubinerve,5302770,Marantaceae,87
551,,,,Fagraea ceilanica,7289420,Gentianaceae,87
552,,,,Argyreia osyrensis,7324107,Convolvulaceae,87
553,,Katuk,Katuk,Breynia androgyna,9197670,Phyllanthaceae,87
554,,Indian thorny bamboo,Indian thorny bamboo,Bambusa bambos,2705752,Poaceae,86
555,,,,Ixora nigricans,2905255,Rubiaceae,86
556,,Camel's foot tree,Camel's foot tree,Bauhinia variegata,2953251,Fabaceae,86
557,,,,Helixanthera parasitica,4001417,Loranthaceae,86
558,,,,Craibiodendron stellatum,4174895,Ericaceae,86
559,,,,Litsea martabanica,4182711,Lauraceae,86
560,,Chinese Brake,Chinese Brake,Pteris vittata,5275398,Pteridaceae,86
561,,,,Wendlandia tinctoria,5338713,Rubiaceae,86
562,,,,Aporosa microstachya,5383453,Phyllanthaceae,86
563,,Nettle Tree,Nettle Tree,Trema tomentosum,7303576,Cannabaceae,86
564,,Nepal Camellia,Nepal Camellia,Camellia kissii,7979840,Theaceae,86
565,,,,Dicliptera lanceolaria,8098378,Acanthaceae,86
566,,,,Selaginella helferi,8296326,Selaginellaceae,86
567,,,,Calciphilopteris ludens,8310735,Pteridaceae,86
568,,Common Nut Sedge,Common Nut Sedge,Cyperus rotundus,2714818,Cyperaceae,85
569,,,,Mussaenda sanderiana,2892557,Rubiaceae,85
570,,,,Greenea corymbosa,2909317,Rubiaceae,85
571,,Fragrant Litsea,Fragrant Litsea,Litsea cubeba,3033977,Lauraceae,85
572,,,,Cleidion javanicum,3073794,Euphorbiaceae,85
573,,Corky Debbar Tree,Corky Debbar Tree,Polyalthia suberosa,3156325,Annonaceae,85
574,,officinal breynia,officinal breynia,Breynia vitis-idaea,5382985,Phyllanthaceae,85
575,,,,Aporosa aurea,5383394,Phyllanthaceae,85
576,,Elephant's Foot,Elephant's Foot,Elephantopus scaber,5395925,Asteraceae,85
577,,,,Gomphostemma javanicum,7307664,Lamiaceae,85
578,,rattlebox,rattlebox,Crotalaria alata,2941976,Fabaceae,84
579,,,,Celastrus monospermus,3792919,Celastraceae,84
580,,Kaempferia,Kaempferia,Kaempferia rotunda,5301445,Zingiberaceae,84
581,,,,Lasianthus chrysoneurus,5337147,Rubiaceae,84
582,,Bodhi tree,Bodhi tree,Ficus religiosa,5361935,Moraceae,84
583,,,,Mallotus pierrei,5378794,Euphorbiaceae,84
584,,,,Selaginella repanda,6135695,Selaginellaceae,84
585,,White-berried Malayan Lilac,White-berried Malayan Lilac,Callicarpa longifolia,7307835,Lamiaceae,84
586,,,,Alangium kurzii,7326260,Cornaceae,84
587,,,,Shorea obtusa,7510169,Dipterocarpaceae,84
588,,,,Peltophorum dasyrhachis,8110229,Fabaceae,84
589,,,,Dalbergia foliosa,8120649,Fabaceae,84
590,,,,Lindenbergia philippensis,8394552,Orobanchaceae,84
591,,Climbing Orange,Climbing Orange,Zanthoxylum asiaticum,10789822,Rutaceae,83
592,,,,Carex speciosa,2723697,Cyperaceae,83
593,,,,Globba insectifera,2757785,Zingiberaceae,83
594,,,,Disporum calcaratum,2770781,Colchicaceae,83
595,,Bamboo Orchid,Bamboo Orchid,Arundina graminifolia,2795522,Orchidaceae,83
596,,Smooth Chastetree,Smooth Chastetree,Vitex glabrata,2925565,Lamiaceae,83
597,,Alyce Clover,Alyce Clover,Alysicarpus vaginalis,2948605,Fabaceae,83
598,,Kudzu,Kudzu,Pueraria montana,2977636,Fabaceae,83
599,,,,Croton persimilis,3058717,Euphorbiaceae,83
600,,Hairy-fruited Abacus plant,Hairy-fruited Abacus plant,Glochidion eriocarpum,3080301,Phyllanthaceae,83
601,,,,Euonymus indicus,3792270,Celastraceae,83
602,,,,Brainea insignis,4079267,Blechnaceae,83
603,,osier-like rattan palm,osier-like rattan palm,Calamus viminalis,5294114,Arecaceae,83
604,,,,Aporosa wallichii,5383490,Phyllanthaceae,83
605,,Java brucea,Java brucea,Brucea javanica,5555210,Simaroubaceae,83
606,,,,Dichapetalum gelonioides,7309891,Dichapetalaceae,83
607,,,,Xerospermum noronhianum,9209685,Sapindaceae,83
608,,,,Debia ovatifolia,9397645,Rubiaceae,83
609,,Obscure Morning Glory,Obscure Morning Glory,Ipomoea obscura,2928565,Convolvulaceae,82
610,,,,Orophea polycarpa,3157950,Annonaceae,82
611,,lifeplant,lifeplant,Biophytum sensitivum,3628231,Oxalidaceae,82
612,,Burmese lacquertree,Burmese lacquertree,Gluta usitata,3662338,Anacardiaceae,82
613,,,,Harpullia cupanioides,3786912,Sapindaceae,82
614,,,,Dysoxylum cyrtobotryum,3850496,Meliaceae,82
615,,,,Hymenopyramis brachiata,3884207,Lamiaceae,82
616,,,,Scyphellandra virgata,4076644,Violaceae,82
617,,,,Vaccinium exaristatum,4173245,Ericaceae,82
618,,,,Aporosa planchoniana,5383401,Phyllanthaceae,82
619,,,,Lobelia zeylanica,5408635,Campanulaceae,82
620,,Blue Trumpet Vine,Blue Trumpet Vine,Thunbergia laurifolia,5415460,Acanthaceae,82
621,,,,Stephania oblata,5592783,Menispermaceae,82
622,,,,Polygala arillata,7293502,Polygalaceae,82
623,,Nilgiri elm,Nilgiri elm,Celtis tetrandra,7366997,Cannabaceae,82
624,,,,Garcinia celebica,8200518,Clusiaceae,82
625,,,,Abacopteris nudata,11921983,Thelypteridaceae,81
626,,,,Fimbristylis eragrostis,2709044,Cyperaceae,81
627,,,,Crotalaria bracteata,2941869,Fabaceae,81
628,,pink uraria,pink uraria,Uraria lagopodioides,2956550,Fabaceae,81
629,,Thin-Evodia,Thin-Evodia,Melicope pteleifolia,3831820,Rutaceae,81
630,,,,Bolbitis sinensis,4011428,Dryopteridaceae,81
631,,,,Gigantochloa ligulata,4107819,Poaceae,81
632,,,,Capparis micracantha,5601856,Capparaceae,81
633,,Awnless barnyard grass,Awnless barnyard grass,Echinochloa colonum,6431411,Poaceae,81
634,,,,Strobilanthes auriculata,7263204,Acanthaceae,81
635,,bearded knotweed,bearded knotweed,Persicaria barbata,7291589,Polygonaceae,81
636,,Corky Milk Vine,Corky Milk Vine,Secamone elliptica,7312404,Apocynaceae,81
637,,buff hazelwood,buff hazelwood,Symplocos cochinchinensis,7318817,Symplocaceae,81
638,,,,Vitex limonifolia,8428916,Lamiaceae,81
639,,Bauhinia,Bauhinia,Cheniella tenuiflora,8850913,Fabaceae,81
640,,,,Ototropis multiflora,10685079,Fabaceae,80
641,,Assam Leaf-Flower,Assam Leaf-Flower,Glochidion ellipticum,3080441,Phyllanthaceae,80
642,,Umbrella Cheese Tree,Umbrella Cheese Tree,Glochidion zeylanicum,3080562,Phyllanthaceae,80
643,,,,Sphenodesme pentandra,3886420,Lamiaceae,80
644,,,,Mycetia gracilis,5337708,Rubiaceae,80
645,,ashok,ashok,Saraca indica,5359538,Fabaceae,80
646,,,,Pteris decrescens,5614077,Pteridaceae,80
647,,Oval Mistletoe,Oval Mistletoe,Viscum ovalifolium,7797285,Viscaceae,80
648,,,,Hubera cerasoides,7891136,Annonaceae,80
649,,Consumption Weed,Consumption Weed,Sieruela rutidosperma,9778787,Cleomaceae,80
650,,,,Dioscorea membranacea,2754731,Dioscoreaceae,79
651,,,,Sarcosperma arboreum,2883679,Sapotaceae,79
652,,Banos,Banos,Phanera integrifolia,2953889,Fabaceae,79
653,,Graceful pouzolzsbush,Graceful pouzolzsbush,Pouzolzia zeylanica,2984383,Urticaceae,79
654,,Love-vine,Love-vine,Cassytha filiformis,3033999,Lauraceae,79
655,,,,Cleistanthus hirsutulus,3081768,Phyllanthaceae,79
656,,Crested Philippine Violet,Crested Philippine Violet,Barleria cristata,3173128,Acanthaceae,79
657,,Bastard Myrobalan,Bastard Myrobalan,Terminalia bellirica,3189390,Combretaceae,79
658,,Dummela,Dummela,Trichosanthes scabra,3623176,Cucurbitaceae,79
659,,wild kund,wild kund,Jasminum nervosum,3683063,Oleaceae,79
660,,,,Tetrapilus brachiatus,3683129,Oleaceae,79
661,,,,Lagerstroemia macrocarpa,3988669,Lythraceae,79
662,,,,Diospyros glandulosa,4070786,Ebenaceae,79
663,,Manila Leea,Manila Leea,Leea guineensis,4160417,Vitaceae,79
664,,Angular Winter-cherry,Angular Winter-cherry,Physalis angulata,5341792,Solanaceae,79
665,,False White Teak,False White Teak,Mallotus nudiflorus,5378648,Euphorbiaceae,79
666,,,,Stephania rotunda,5592764,Menispermaceae,79
667,,,,Tetrastigma dubium,5658503,Vitaceae,79
668,,Balanophora,Balanophora,Balanophora fungosa,7147896,Balanophoraceae,79
669,,,,Leptochilus decurrens,7289849,Polypodiaceae,79
670,,,,Polygala glomerata,7293659,Polygalaceae,79
671,,,,Adiantum zollingeri,8440992,Pteridaceae,79
672,,Crimson Seeded Sedge,Crimson Seeded Sedge,Carex baccans,2727853,Cyperaceae,78
673,,,,Quercus kerrii,2878390,Fagaceae,78
674,,,,Drosera peltata,3190855,Droseraceae,78
675,,,,Tabernaemontana peduncularis,3615143,Apocynaceae,78
676,,,,Sisyrolepis muricata,3784220,Sapindaceae,78
677,,,,Viburnum inopinatum,3856890,Viburnaceae,78
678,,white-fringe gigantochloa,white-fringe gigantochloa,Gigantochloa albociliata,4108097,Poaceae,78
679,,,,Oryza meyeriana,4109867,Poaceae,78
680,,Calamus-rattan,Calamus-rattan,Calamus melanochaetes,5293599,Arecaceae,78
681,,sweet-tea,sweet-tea,Lithocarpus polystachyus,5332326,Fagaceae,78
682,,Emblic,Emblic,Phyllanthus emblica,5381660,Phyllanthaceae,78
683,,,,Jacquemontia paniculata,6135830,Convolvulaceae,78
684,,,,Chloranthus elatior,7469977,Chloranthaceae,78
685,,,,Mitragyna hirsuta,2900477,Rubiaceae,77
686,,,,Paederia pilifera,2909502,Rubiaceae,77
687,,,,Crotalaria kurzii,2942565,Fabaceae,77
688,,,,Syzygium lineatum,3182969,Myrtaceae,77
689,,King of Medicine,King of Medicine,Terminalia chebula,3189388,Combretaceae,77
690,,,,Argyreia mollis,3678447,Convolvulaceae,77
691,,,,Smilax perfoliata,5295267,Smilacaceae,77
692,,Arum-Lily Potatoes,Arum-Lily Potatoes,Colocasia esculenta,5330776,Araceae,77
693,,Korlan,Korlan,Nephelium hypoleucum,5577994,Sapindaceae,77
694,,Dragon-Scale fern,Dragon-Scale fern,Pyrrosia piloselloides,5647918,Polypodiaceae,77
695,,,,Trigonospora tenera,9765658,Thelypteridaceae,77
696,,,,Huangtcia renifolia,10727556,Fabaceae,76
697,,Golden Leather Fern,Golden Leather Fern,Acrostichum aureum,2651706,Pteridaceae,76
698,,,,Eriocaulon willdenovianum,2690404,Eriocaulaceae,76
699,,Short Pipe-Wort,Short Pipe-Wort,Eriocaulon truncatum,2690514,Eriocaulaceae,76
700,,Coast Button grass,Coast Button grass,Dactyloctenium aegyptium,2706188,Poaceae,76
701,,Yefen,Yefen,Fuirena umbellata,2718992,Cyperaceae,76
702,,,,Dioscorea decipiens,2754420,Dioscoreaceae,76
703,,,,Paederia pallida,2909496,Rubiaceae,76
704,,Bird's Brandy,Bird's Brandy,Lantana camara,2925303,Verbenaceae,76
705,,,,Syzygium oblatum,3183251,Myrtaceae,76
706,,Brindal Berry,Brindal Berry,Garcinia cowa,3715021,Clusiaceae,76
707,,,,Siphonodon celastrineus,3793902,Celastraceae,76
708,,,,Smilax verticalis,5295291,Smilacaceae,76
709,,huntaria,huntaria,Hunteria zeylanica,5536465,Apocynaceae,76
710,,East Indian screwtree,East Indian screwtree,Helicteres isora,5546922,Malvaceae,76
711,,,,Lysionotus serratus,6365636,Gesneriaceae,76
712,,,,Rhododendron ciliicalyx,7327805,Ericaceae,76
713,,,,Diospyros venosa,7588254,Ebenaceae,76
714,,,,Terminalia triptera,7905334,Combretaceae,76
715,,Creeping tick trefoil,Creeping tick trefoil,Grona triflora,10833216,Fabaceae,75
716,,,,Phanera pulla,11375947,Fabaceae,75
717,,,,Gnetum montanum,2653221,Gnetaceae,75
718,,Red-spike beaksedge,Red-spike beaksedge,Rhynchospora rubra,2720668,Cyperaceae,75
719,,Water-hyacinth,Water-hyacinth,Pontederia crassipes,2765942,Pontederiaceae,75
720,,Bignay,Bignay,Antidesma bunius,3076436,Phyllanthaceae,75
721,,Indian Ash,Indian Ash,Lannea coromandelica,3661151,Anacardiaceae,75
722,,,,Diospyros defectrix,4070509,Ebenaceae,75
723,,Flemingia,Flemingia,Flemingia macrophylla,5359866,Fabaceae,75
724,,,,Mallotus barbatus,5378750,Euphorbiaceae,75
725,,basket fern,basket fern,Drynaria rigidula,7126699,Polypodiaceae,75
726,,,,Aglaia tomentosa,7271465,Meliaceae,75
727,,Wrinkled Jujube,Wrinkled Jujube,Ziziphus rugosa,7273665,Rhamnaceae,75
728,,Wight's hackberry,Wight's hackberry,Celtis philippensis,7303643,Cannabaceae,75
729,,Chinese Banyan,Chinese Banyan,Ficus microcarpa,7467639,Moraceae,75
730,,hairy fig,hairy fig,Ficus hispida,7879404,Moraceae,75
731,,Polynesian Ivy,Polynesian Ivy,Procris repens,7916114,Urticaceae,75
732,,,,Cyperus albescens,9410332,Cyperaceae,75
733,,,,Harashuteria hirsuta,10849882,Fabaceae,74
734,,Flatspike Sedge,Flatspike Sedge,Abildgaardia ovata,2708407,Cyperaceae,74
735,,Confederate-vine,Confederate-vine,Antigonon leptopus,2889355,Polygonaceae,74
736,,Purple-flower rattlebox,Purple-flower rattlebox,Crotalaria sessiliflora,2942762,Fabaceae,74
737,,Asian foxtail,Asian foxtail,Uraria crinita,2956565,Fabaceae,74
738,,,,Magnolia baillonii,3153077,Magnoliaceae,74
739,,,,Adinandra integerrima,3591994,Pentaphylacaceae,74
740,,,,Miliusa thorelii,3648145,Annonaceae,74
741,,three-leaf-caper,three-leaf-caper,Crateva magna,3871487,Capparaceae,74
742,,,,Clematis subumbellata,3927857,Ranunculaceae,74
743,,,,Rinorea bengalensis,4077149,Violaceae,74
744,,,,Ischaemum barbatum,4143829,Poaceae,74
745,,Inkberry,Inkberry,Ardisia elliptica,5414375,Primulaceae,74
746,,,,Cardiopteris quinqueloba,6030808,Cardiopteridaceae,74
747,,Zollinger's False Nettle,Zollinger's False Nettle,Boehmeria zollingeriana,7300724,Urticaceae,74
748,,,,Selliguea oxyloba,7395135,Polypodiaceae,74
749,,,,Elaeocarpus grandiflorus,8368501,Elaeocarpaceae,74
750,,Malay jewelvine,Malay jewelvine,Brachypterum scandens,10779326,Fabaceae,73
751,,Japanese love grass,Japanese love grass,Eragrostis japonica,2705394,Poaceae,73
752,,,,Dioscorea prazeri,2755738,Dioscoreaceae,73
753,,Annua morning glory,Annua morning glory,Ipomoea nil,2928534,Convolvulaceae,73
754,,Blue Rattlepod,Blue Rattlepod,Crotalaria verrucosa,2942654,Fabaceae,73
755,,Phasey Bean,Phasey Bean,Macroptilium lathyroides,2945063,Fabaceae,73
756,,Limestone Cassia,Limestone Cassia,Senna timoriensis,2957569,Fabaceae,73
757,,Laping Budak,Laping Budak,Claoxylon indicum,3060538,Euphorbiaceae,73
758,,Jamaica cherry,Jamaica cherry,Muntingia calabura,3152036,Muntingiaceae,73
759,,Burr Bush,Burr Bush,Triumfetta rhomboidea,3152069,Malvaceae,73
760,,Chinese Desmos,Chinese Desmos,Desmos chinensis,3155130,Annonaceae,73
761,,Tulip-wood tree,Tulip-wood tree,Harpullia arborea,3190016,Sapindaceae,73
762,,Broad-Leaf False Eranthemum,Broad-Leaf False Eranthemum,Pseuderanthemum latifolium,3772966,Acanthaceae,73
763,,,,Strobilanthes speciosa,3778167,Acanthaceae,73
764,,,,Cyclea varians,3829680,Menispermaceae,73
765,,jackal jujube,jackal jujube,Ziziphus oenopolia,3875331,Rhamnaceae,73
766,,,,Sphenodesme mollis,3886449,Lamiaceae,73
767,,Endeavour River-vine,Endeavour River-vine,Cissus adnata,4052376,Vitaceae,73
768,,,,Schizostachyum pergracile,4123063,Poaceae,73
769,,Knotroot Bristle Grass,Knotroot Bristle Grass,Setaria parviflora,5289679,Poaceae,73
770,,,,Alpinia oxymitra,5302086,Zingiberaceae,73
771,,,,Castanopsis argyrophylla,5333009,Fagaceae,73
772,,,,Castanopsis diversifolia,5333140,Fagaceae,73
773,,,,Symplocos sumuntia,7318913,Symplocaceae,73
774,,Blue Lotus,Blue Lotus,Nymphaea nouchali,7326947,Nymphaeaceae,73
775,,,,Ardisia fulva,7331078,Primulaceae,73
776,,,,Mitragyna rotundifolia,2900479,Rubiaceae,72
777,,,,Knoxia sumatrensis,2901155,Rubiaceae,72
778,,Eye Bright,Eye Bright,Heliotropium indicum,2925788,Heliotropiaceae,72
779,,Candelabra Bush,Candelabra Bush,Senna alata,2956947,Fabaceae,72
780,,Asian barringtonia,Asian barringtonia,Barringtonia asiatica,3082920,Lecythidaceae,72
781,,,,Buxus cochinchinensis,3988081,Buxaceae,72
782,,,,Platycerium wallichii,4024677,Polypodiaceae,72
783,,,,Leucostegia immersa,4204693,Hypodematiaceae,72
784,,,,Davallodes pulchra,4205278,Davalliaceae,72
785,,,,Grewia laevigata,4259449,Malvaceae,72
786,,,,Smilax corbularia,5295395,Smilacaceae,72
787,,Spiny Lasia,Spiny Lasia,Lasia spinosa,5330870,Araceae,72
788,,,,Horsfieldia irya,5564667,Myristicaceae,72
789,,,,Stereospermum colais,7298473,Bignoniaceae,72
790,,Red-ball Snake Gourd,Red-ball Snake Gourd,Trichosanthes tricuspidata,7317567,Cucurbitaceae,72
791,,,,Microtropis discolor,7348453,Celastraceae,72
792,,,,Dimetia capitellata,9284073,Rubiaceae,72
793,,Crab Grass,Crab Grass,Paspalum conjugatum,2705656,Poaceae,71
794,,Piedmont Flatsedge,Piedmont Flatsedge,Cyperus distans,2713460,Cyperaceae,71
795,,Bitter ginger,Bitter ginger,Zingiber zerumbet,2757108,Zingiberaceae,71
796,,,,Wurfbainia uliginosa,2758315,Zingiberaceae,71
797,,,,Indigofera galegoides,2971494,Fabaceae,71
798,,Climbing Umbrella Tree,Climbing Umbrella Tree,Heptapleurum ellipticum,3038037,Araliaceae,71
799,,,,Walsura robusta,3851341,Meliaceae,71
800,,Reflexed-margine single-leaf fern,Reflexed-margine single-leaf fern,Haplopteris flexuosa,4047669,Pteridaceae,71
801,,orange wild rhea,orange wild rhea,Debregeasia longifolia,4099305,Urticaceae,71
802,,,,Gardenia sootepensis,5335111,Rubiaceae,71
803,,Clavel de pozo,Clavel de pozo,Eclipta prostrata,5384950,Asteraceae,71
804,,Cinderella Weed,Cinderella Weed,Synedrella nodiflora,5404991,Asteraceae,71
805,,Bead Tree,Bead Tree,Melia azedarach,5914287,Meliaceae,71
806,,,,Sterculia lanceolata,6029583,Malvaceae,71
807,,,,Ficus subincisa,7262418,Moraceae,71
808,,,,Hemsleya cirromitrata,7777222,Cucurbitaceae,71
809,,,,Hymenophyllum exsertum,8048299,Hymenophyllaceae,71
810,,Abelmosk,Abelmosk,Abelmoschus moschatus,8312665,Malvaceae,71
811,,Indian atalantia,Indian atalantia,Atalantia monophylla,8708284,Rutaceae,71
812,,,,Ouret sanguinolenta,10832776,Amaranthaceae,70
813,,Australian bluestem,Australian bluestem,Bothriochloa bladhii,2704093,Poaceae,70
814,,,,Stemona curtisii,2863319,Stemonaceae,70
815,,,,Quercus kingiana,2878258,Fagaceae,70
816,,,,Crotalaria lejoloba,2941778,Fabaceae,70
817,,Cissus,Cissus,Cissus repens,3039164,Vitaceae,70
818,,,,Hymenocardia punctata,3082062,Phyllanthaceae,70
819,,,,Orophea enterocarpa,3157949,Annonaceae,70
820,,,,Tristaniopsis burmanica,3188036,Myrtaceae,70
821,,,,Erythropalum scandens,3685992,Erythropalaceae,70
822,,,,Combretum procursum,3698929,Combretaceae,70
823,,velvetleaf bamboo,velvetleaf bamboo,Dendrocalamus brandisii,4145893,Poaceae,70
824,,Dove flower,Dove flower,Dendrobium crumenatum,5316744,Orchidaceae,70
825,,,,Lithocarpus sootepensis,5332574,Fagaceae,70
826,,,,Ficus annulata,5572164,Moraceae,70
827,,,,Tetrastigma cruciatum,5658527,Vitaceae,70
828,,,,Dillenia parviflora,5681121,Dilleniaceae,70
829,,,,Symplocos hookeri,7318865,Symplocaceae,70
830,,,,Ardisia villosa,7331183,Primulaceae,70
831,,Broken Bones Tree,Broken Bones Tree,Oroxylum indicum,7414934,Bignoniaceae,70
832,,'ihi,'ihi,Oxalis corniculata,8427624,Oxalidaceae,70
833,,,,Syzygium coarctatum,9235235,Myrtaceae,70
834,,Hogvine,Hogvine,Camonea umbellata,9452352,Convolvulaceae,70
835,,Fringed centipede grass,Fringed centipede grass,Eremochloa ciliaris,2704346,Poaceae,69
836,,Broad-leaved bowgrass,Broad-leaved bowgrass,Cyrtococcum patens,2705908,Poaceae,69
837,,,,Carex cruciata,2723579,Cyperaceae,69
838,,,,Globba xantholeuca,2757888,Zingiberaceae,69
839,,Elephant foot yam,Elephant foot yam,Amorphophallus paeoniifolius,2871533,Araceae,69
840,,,,Mussaenda parva,2895104,Rubiaceae,69
841,,"Centro, Butterfly pea","Centro, Butterfly pea",Centrosema pubescens,2964904,Fabaceae,69
842,,Hairy indigo,Hairy indigo,Indigofera hirsuta,2972082,Fabaceae,69
843,,,,Macropanax dispermus,3037404,Araliaceae,69
844,,,,Croton cascarilloides,3057960,Euphorbiaceae,69
845,,"Champak, Champak tree, Joy Perfume Tree, Champaca, Yellow Champaka, Orange Chempaca, Orange Champak, Orange Champaka, Chempaca Merah, Sapu, Cempaka Kuning","Champak, Champak tree, Joy Perfume Tree, Champaca, Yellow Champaka, Orange Chempaca, Orange Champak, Orange Champaka, Chempaca Merah, Sapu, Cempaka Kuning",Magnolia champaca,3153099,Magnoliaceae,69
846,,,,Miliusa cuneata,3156589,Annonaceae,69
847,,Licorice Weed,Licorice Weed,Scoparia dulcis,3171787,Plantaginaceae,69
848,,,,Aristolochia cambodiana,3589676,Aristolochiaceae,69
849,,,,Mischocarpus sundaicus,3787999,Sapindaceae,69
850,,,,Gymnosporia stylosa,3793768,Celastraceae,69
851,,,,Anisocampium cumingianum,4015764,Athyriaceae,69
852,,Rock-ginger Fern,Rock-ginger Fern,Drynaria coronans,4025407,Polypodiaceae,69
853,,,,Diospyros mollis,4070936,Ebenaceae,69
854,,,,Burmannia coelestis,5301026,Burmanniaceae,69
855,,,,Ophiorrhiza trichocarpos,5341048,Rubiaceae,69
856,,Crab's Eye,Crab's Eye,Abrus precatorius,5348711,Fabaceae,69
857,,,,Breynia fruticosa,5383016,Phyllanthaceae,69
858,,Chinese Dicliptera,Chinese Dicliptera,Dicliptera chinensis,5415360,Acanthaceae,69
859,,Nepalese pennywort,Nepalese pennywort,Hydrocotyle javanica,6026987,Araliaceae,69
860,,,,Wrightia dubia,7316559,Apocynaceae,69
861,,elephant rope tree,elephant rope tree,Sterculia villosa,7661319,Malvaceae,69
862,,,,Iguanura wallichiana,7933984,Arecaceae,69
863,,,,Microchirita involucrata,8246900,Gesneriaceae,69
864,,,,Heptapleurum bengalense,12183541,Araliaceae,68
865,,Nakedstem dewflower,Nakedstem dewflower,Murdannia nudiflora,2764680,Commelinaceae,68
866,,tall shield orchid,tall shield orchid,Nervilia concolor,2836743,Orchidaceae,68
867,,,,Syzygium albiflorum,3184730,Myrtaceae,68
868,,,,Apodytes dimidiata,3597463,Metteniusaceae,68
869,,,,Morella esculenta,3745012,Myricaceae,68
870,,,,Aeschynanthus andersonii,3818959,Gesneriaceae,68
871,,,,Rhynchotechum obovatum,3822330,Gesneriaceae,68
872,,,,Sonerila maculata,3871045,Melastomataceae,68
873,,lampati,lampati,Duabanga grandiflora,3989330,Lythraceae,68
874,,Prickly Coral Tree,Prickly Coral Tree,Erythrina stricta,5349642,Fabaceae,68
875,,,,Cassia bakeriana,5357132,Fabaceae,68
876,,Makha Tree,Makha Tree,Afzelia xylocarpa,5358297,Fabaceae,68
877,,,,Irvingia malayana,5380959,Irvingiaceae,68
878,,,,Codonopsis javanica,5412879,Campanulaceae,68
879,,,,Tectaria manilensis,7934751,Tectariaceae,68
880,,Bunchy Flat Sedge,Bunchy Flat Sedge,Cyperus polystachyos,2730407,Cyperaceae,67
881,,Indian pavetta,Indian pavetta,Pavetta indica,2924801,Rubiaceae,67
882,,,,Indigofera squalida,2971458,Fabaceae,67
883,,Chinese Albizia,Chinese Albizia,Albizia chinensis,2973197,Fabaceae,67
884,,,,Baccaurea parviflora,3082081,Phyllanthaceae,67
885,,,,Connarus cochinchinensis,3686750,Connaraceae,67
886,,,,Hydnocarpus castaneus,3878251,Achariaceae,67
887,,,,Stereospermum neuranthum,4092069,Bignoniaceae,67
888,,,,Elatostema bulbiferum,4101153,Urticaceae,67
889,,Asian broom grass,Asian broom grass,Thysanolaena latifolia,4124764,Poaceae,67
890,,Bastard cedar,Bastard cedar,Chukrasia tabularis,4934732,Meliaceae,67
891,,,,Lithocarpus lindleyanus,5332561,Fagaceae,67
892,,Blumea,Blumea,Blumea lacera,5395639,Asteraceae,67
893,,Cuddapah almond,Cuddapah almond,Buchanania cochinchinensis,5544043,Anacardiaceae,67
894,,,,Glossocarya mollis,7307843,Lamiaceae,67
895,,,,Horsfieldia amygdalina,7333757,Myristicaceae,67
896,,,,Goniophlebium amoenum,8396756,Polypodiaceae,67
897,,,,Lagerstroemia cochinchinensis,8452585,Lythraceae,67
898,,Bengal bamboo,Bengal bamboo,Bambusa tulda,2705765,Poaceae,66
899,,,,Amorphophallus yunnanensis,2871513,Araceae,66
900,,Acacia-tree,Acacia-tree,Albizia lebbeck,2973215,Fabaceae,66
901,,Elm,Elm,Trema orientale,2984508,Cannabaceae,66
902,,,,Trigonostemon reidioides,3063407,Euphorbiaceae,66
903,,Amaranthus weed,Amaranthus weed,Alternanthera sessilis,3084939,Amaranthaceae,66
904,,,,Alphonsea boniana,3154138,Annonaceae,66
905,,,,Cyclocodon lancifolius,3164997,Campanulaceae,66
906,,Indian Snakeroot,Indian Snakeroot,Rauvolfia serpentina,3169787,Apocynaceae,66
907,,,,Strobilanthes hossei,3780436,Acanthaceae,66
908,,Slender Bracken,Slender Bracken,Pteris ensiformis,3914366,Pteridaceae,66
909,,,,Diospyros castanea,4069805,Ebenaceae,66
910,,,,Oleandra undulata,4196825,Oleandraceae,66
911,,,,Lithocarpus fenestratus,5332353,Fagaceae,66
912,,derris,derris,Derris elliptica,5350305,Fabaceae,66
913,,Blackboard Tree,Blackboard Tree,Alstonia scholaris,5414410,Apocynaceae,66
914,,,,Ventilago denticulata,7273609,Rhamnaceae,66
915,,,,Thespesia lampas,7279053,Malvaceae,66
916,,,,Osbeckia crinita,7425723,Melastomataceae,66
917,,,,Gonocaryum lobbianum,7670032,Cardiopteridaceae,66
918,,Jeweled Maiden Fern,Jeweled Maiden Fern,Amblovenatum opulentum,8151888,Thelypteridaceae,66
919,,Siamese rough bush,Siamese rough bush,Streblus asper,10242935,Moraceae,65
920,,Chinese Creepingfern,Chinese Creepingfern,Odontosoria chinensis,2650747,Lindsaeaceae,65
921,,Indian fern,Indian fern,Ceratopteris thalictroides,2651586,Pteridaceae,65
922,,Bug's egg grass,Bug's egg grass,Eragrostis tenella,2705426,Poaceae,65
923,,Red-Lipped Habenaria,Red-Lipped Habenaria,Habenaria rhodocheila,2829840,Orchidaceae,65
924,,,,Solanum trilobatum,2931071,Solanaceae,65
925,,Cowitch,Cowitch,Mucuna pruriens,2951499,Fabaceae,65
926,,Creeping Albizia,Creeping Albizia,Albizia myriophylla,2973009,Fabaceae,65
927,,,,Croton robustus,3060249,Euphorbiaceae,65
928,,Japanese poinsettia,Japanese poinsettia,Euphorbia heterophylla,3064495,Euphorbiaceae,65
929,,,,Glochidion coccineum,3080478,Phyllanthaceae,65
930,,Asian Coromandel,Asian Coromandel,Asystasia gangetica,3173254,Acanthaceae,65
931,,,,Zehneria bodinieri,3625115,Cucurbitaceae,65
932,,,,Lygodium salicifolium,3744390,Lygodiaceae,65
933,,Garuga,Garuga,Garuga pinnata,3993458,Burseraceae,65
934,,Cloak Fern,Cloak Fern,Didymochlaena truncatula,4047017,Didymochlaenaceae,65
935,,native ramie,native ramie,Boehmeria virgata,4100434,Urticaceae,65
936,,,,Lithocarpus falconeri,5332458,Fagaceae,65
937,,,,Morinda elliptica,5339899,Rubiaceae,65
938,,Common Pratia,Common Pratia,Lobelia nummularia,5409107,Campanulaceae,65
939,,Chinese Perfume Plant,Chinese Perfume Plant,Aglaia odorata,5597349,Meliaceae,65
940,,,,Arthraxon lancifolius,5674603,Poaceae,65
941,,,,Spirolobium cambodianum,6025781,Apocynaceae,65
942,,,,Athyrium dissitifolium,7289131,Athyriaceae,65
943,,,,Lycianthes biflora,7299714,Solanaceae,65
944,,,,Firmiana colorata,7322920,Malvaceae,65
945,,,,Pteris longipes,7804678,Pteridaceae,65
946,,Anti-febrile Dichroa (Chinese Quinine),Anti-febrile Dichroa (Chinese Quinine),Hydrangea febrifuga,8682693,Hydrangeaceae,65
947,,,,Lithocarpus dealbatus,8857371,Fagaceae,65
948,,sal-leaved desmodium,sal-leaved desmodium,Pleurolobus gangeticus,10781752,Fabaceae,64
949,,,,Lepisorus normalis,11173307,Polypodiaceae,64
950,,,,Leucobryum aduncum,2675704,Leucobryaceae,64
951,,,,Murdannia edulis,2764792,Commelinaceae,64
952,,,,Quercus mespilifolia,2880501,Fagaceae,64
953,,,,Senna garrettiana,2958015,Fabaceae,64
954,,,,Dalbergia rimosa,2968474,Fabaceae,64
955,,,,Bridelia affinis,3076266,Phyllanthaceae,64
956,,Dense-flowered China Laurel,Dense-flowered China Laurel,Antidesma japonicum,3076491,Phyllanthaceae,64
957,,,,Antidesma velutinum,3076576,Phyllanthaceae,64
958,,Cabai Jawa,Cabai Jawa,Piper retrofractum,3086342,Piperaceae,64
959,,,,Mitrephora teysmannii,3155085,Annonaceae,64
960,,Ceylon hill-cherry,Ceylon hill-cherry,Rhodomyrtus tomentosa,3179997,Myrtaceae,64
961,,,,Rauvolfia verticillata,3616228,Apocynaceae,64
962,,,,Maesa permollis,3718407,Primulaceae,64
963,,Himalayan Ruellia,Himalayan Ruellia,Phaulopsis dorsiflora,3776435,Acanthaceae,64
964,,,,Cyclea barbata,3830078,Menispermaceae,64
965,,,,Walsura pinnata,3851390,Meliaceae,64
966,,,,Lagerstroemia villosa,3990227,Lythraceae,64
967,,Fishpoison,Fishpoison,Tephrosia purpurea,5342239,Fabaceae,64
968,,Fragrant Clockvine,Fragrant Clockvine,Thunbergia fragrans,5415458,Acanthaceae,64
969,,,,Wrightia arborea,5535418,Apocynaceae,64
970,,Badhara-bush,Badhara-bush,Gmelina elliptica,5607694,Lamiaceae,64
971,,Long-leaved Pyrrosia,Long-leaved Pyrrosia,Pyrrosia longifolia,5648066,Polypodiaceae,64
972,,Asiatic bilberry,Asiatic bilberry,Vaccinium bracteatum,7136320,Ericaceae,64
973,,,,Clematis smilacifolia,7277742,Ranunculaceae,64
974,,,,Pyrenaria diospyricarpa,7314057,Theaceae,64
975,,,,Diospyros oblonga,7561016,Ebenaceae,64
976,,,,Curculigo latifolia,8588437,Hypoxidaceae,64
977,,,,Alangium indochinense,8795916,Cornaceae,64
978,,,,Cyperus dubius,2714915,Cyperaceae,63
979,,Australian areca palm,Australian areca palm,Areca triandra,2736565,Arecaceae,63
980,,,,Dendrolobium rugosum,2946815,Fabaceae,63
981,,Indian tuliptree,Indian tuliptree,Thespesia populnea,3152795,Malvaceae,63
982,,,,Passiflora siamica,3586661,Passifloraceae,63
983,,,,Maesa paniculata,3718463,Primulaceae,63
984,,Bicolor Persian violet,Bicolor Persian violet,Exacum tetragonum,3840363,Gentianaceae,63
985,,,,Christella clarkei,4079853,Thelypteridaceae,63
986,,,,Morinda angustifolia,5339847,Rubiaceae,63
987,,,,Swertia angustifolia,5596405,Gentianaceae,63
988,,snowcreeper,snowcreeper,Dinetus racemosus,5829094,Convolvulaceae,63
989,,,,Drynaria propinqua,7126732,Polypodiaceae,63
990,,Pong Pong,Pong Pong,Cerbera odollam,7155753,Apocynaceae,63
991,,,,Chionanthus mala-elengi,7326229,Oleaceae,63
992,,,,Albizia lucidior,7985477,Fabaceae,63
993,,,,Turpinia montana,8240123,Staphyleaceae,63
994,,,,Taxotrophis taxoides,11138557,Moraceae,62
995,,Common Diplacrum,Common Diplacrum,Diplacrum caricinum,2718582,Cyperaceae,62
996,,Big white-egret flower,Big white-egret flower,Habenaria dentata,2828859,Orchidaceae,62
997,,,,Ixora pendula,2905541,Rubiaceae,62
998,,eared starviolet,eared starviolet,Exallage auricularia,2916058,Rubiaceae,62
999,,Embrert,Embrert,Volkameria inermis,2925354,Lamiaceae,62
1000,,Himalayan Dumasia,Himalayan Dumasia,Dumasia villosa,2955820,Fabaceae,62
1001,,,,Sumbaviopsis albicans,3055880,Euphorbiaceae,62
1002,,,,Rhodamnia dumetorum,3185961,Myrtaceae,62
1003,,,,Maclura fruticosa,3764318,Moraceae,62
1004,,,,Dendrotrophe varians,3789290,Amphorogynaceae,62
1005,,,,Glycosmis parva,3832785,Rutaceae,62
1006,,Memecylon,Memecylon,Memecylon pauciflorum,3864756,Melastomataceae,62
1007,,Swollen Windmill Grass,Swollen Windmill Grass,Chloris barbata,5289612,Poaceae,62
1008,,,,Hancea subpeltata,5378010,Euphorbiaceae,62
1009,,,,Calophyllum calaba,5421070,Calophyllaceae,62
1010,,,,Epithema saxatile,5589613,Gesneriaceae,62
1011,,,,Phoebe tavoyana,5685941,Lauraceae,62
1012,,Cat's Whiskers,Cat's Whiskers,Orthosiphon aristatus,7308026,Lamiaceae,62
1013,,,,Phoebe cathia,7608532,Lauraceae,62
1014,,Broadleaved bristlegrass,Broadleaved bristlegrass,Setaria palmifolia,2702958,Poaceae,61
1015,,Globose fimbristylis,Globose fimbristylis,Fimbristylis umbellaris,2708372,Cyperaceae,61
1016,,Cavendish banana,Cavendish banana,Musa acuminata,2762680,Musaceae,61
1017,,,,Catunaregam tomentosa,2910934,Rubiaceae,61
1018,,Flat-Top Mille Graines,Flat-Top Mille Graines,Oldenlandia corymbosa,2911970,Rubiaceae,61
1019,,,,Dalbergia volubilis,2968408,Fabaceae,61
1020,,,,Albizia crassiramea,2973155,Fabaceae,61
1021,,Indian tamarind,Indian tamarind,Tamarindus indica,2975768,Fabaceae,61
1022,,,,Myriopteron extensum,3576300,Apocynaceae,61
1023,,,,Marsdenia glabra,3577380,Apocynaceae,61
1024,,,,Hydrolea zeylanica,3612749,Hydroleaceae,61
1025,,,,Ancistrocladus tectorius,3659000,Ancistrocladaceae,61
1026,,amberella,amberella,Spondias pinnata,3661030,Anacardiaceae,61
1027,,,,Byttneria pilosa,3672205,Malvaceae,61
1028,,,,Memecylon caeruleum,3867900,Melastomataceae,61
1029,,,,Themeda arundinacea,4126336,Poaceae,61
1030,,,,Calamus latifolius,5293966,Arecaceae,61
1031,,Beggar's tick,Beggar's tick,Bidens pilosa,5391845,Asteraceae,61
1032,,Oakleaf fern,Oakleaf fern,Drynaria quercifolia,7126715,Polypodiaceae,61
1033,,,,Tetrastigma serrulatum,7293928,Vitaceae,61
1034,,,,Vatica odorata,7299072,Dipterocarpaceae,61
1035,,,,Adenia penangiana,7313383,Passifloraceae,61
1036,,,,Solena heterophylla,7317565,Cucurbitaceae,61
1037,,Westland's Rhododendron,Westland's Rhododendron,Rhododendron moulmainense,7328295,Ericaceae,61
1038,,Indian Laurel,Indian Laurel,Terminalia elliptica,7810338,Combretaceae,61
1039,,,,Pottsia laxiflora,8694659,Apocynaceae,61
1040,,Dixie Silverback Fern,Dixie Silverback Fern,Pityrogramma calomelanos,2651790,Pteridaceae,60
1041,,Burma Reed,Burma Reed,Neyraudia reynaudiana,2705687,Poaceae,60
1042,,,,Cyperus trialatus,2713494,Cyperaceae,60
1043,,Mangrove Palm,Mangrove Palm,Nypa fruticans,2738422,Arecaceae,60
1044,,,,Amorphophallus krausei,2871564,Araceae,60
1045,,,,Pavetta tomentosa,2924821,Rubiaceae,60
1046,,Annamese Burada,Annamese Burada,Parinari anamensis,2984952,Chrysobalanaceae,60
1047,,,,Rhizophora apiculata,3086526,Rhizophoraceae,60
1048,,,,Uvaria micrantha,3156914,Annonaceae,60
1049,,Longan,Longan,Dimocarpus longan,3190008,Sapindaceae,60
1050,,,,Semecarpus cochinchinensis,3660308,Anacardiaceae,60
1051,,Nepali hog-plum,Nepali hog-plum,Choerospondias axillaris,3661517,Anacardiaceae,60
1052,,Dye fig,Dye fig,Ficus tinctoria,3767426,Moraceae,60
1053,,,,Scleropyrum pentandrum,3788757,Cervantesiaceae,60
1054,,,,Diospyros bejaudii,4070714,Ebenaceae,60
1055,,,,Gonostegia pentandra,4100866,Urticaceae,60
1056,,,,Balanophora latisepala,4927572,Balanophoraceae,60
1057,,Tree spikemoss,Tree spikemoss,Selaginella involvens,4940372,Selaginellaceae,60
1058,,,,Pollia hasskarlii,5303500,Commelinaceae,60
1059,,French mulberry,French mulberry,Morinda citrifolia,5339879,Rubiaceae,60
1060,,Ivy Woodrose,Ivy Woodrose,Merremia hederacea,5341744,Convolvulaceae,60
1061,,,,Pteris heteromorpha,5614441,Pteridaceae,60
1062,,,,Meliosma simplicifolia,7269667,Sabiaceae,60
1063,,,,Asplenium ensiforme,7535658,Aspleniaceae,60
1064,,,,Diospyros undulata,7606824,Ebenaceae,60
1065,,,,Gynura pseudochina,7715188,Asteraceae,60
