id,name_th,name_en,name_common,scientific,family,photos
1,,Indian Aspen,Indian Aspen,Acronychia pedunculata,Rutaceae,80
2,เฟิร์นก้านดำ,Maidenhair Fern,,Adiantum capillus-veneris,,80
3,,Walking Maidenhair Fern,Walking Maidenhair Fern,Adiantum philippense,Pteridaceae,80
4,,Indian broomrape,Indian broomrape,Aeginetia indica,Orobanchaceae,80
5,,,,Aglaia elliptica,,80
6,,,,Aglaia lawii,Meliaceae,80
7,,,,Aglaia odoratissima,,80
8,,Malayan Sword,Malayan Sword,Aglaonema simplex,Araceae,80
9,,alchorntree,alchorntree,Alchornea rugosa,Euphorbiaceae,80
10,,,,Allophylus cobbe,Sapindaceae,80
11,,,,Amblovenatum terminans,Thelypteridaceae,80
12,,,,Amphineurion marginatum,Apocynaceae,80
13,ฟ้าทะลายโจร,Andrographis,,Andrographis paniculata,,80
14,,,,Antidesma acidum,Phyllanthaceae,80
15,,,,Antidesma montanum,Phyllanthaceae,80
16,,,,Antidesma neurocarpum,,80
17,,,,Antidesma sootepense,Phyllanthaceae,67
18,,,,Antidesma tomentosum,,6
19,,,,Antidesma velutinosum,Phyllanthaceae,80
20,,,,Antrophyum callifolium,,80
21,,Pithraj Tree,Pithraj Tree,Aphanamixis polystachya,Meliaceae,80
22,,,,Aporosa octandra,Phyllanthaceae,80
23,,Monkey-pod,Monkey-pod,Archidendron clypearia,Fabaceae,80
24,,Coralberry Tree,Coralberry Tree,Ardisia crenata,Primulaceae,80
25,,,,Artabotrys suaveolens,,80
26,ขนุน,Jackfruit,,Artocarpus heterophyllus,,80
27,เฟิร์นข้าหลวง,Bird's Nest Fern,,Asplenium nidus,,80
28,,African Coromandel,African Coromandel,Asystasia intrusa,Acanthaceae,80
29,,,,Baccaurea racemosa,,80
30,,Burmese grape,Burmese grape,Baccaurea ramiflora,Phyllanthaceae,80
31,,,,Baliospermum calycinum,Euphorbiaceae,80
32,,Hijal,Hijal,Barringtonia acutangula,Lecythidaceae,80
33,,,,Bauhinia saccocalyx,Fabaceae,80
34,,,,Bauhinia viridescens,Fabaceae,80
35,,,,Bhesa paniculata,,80
36,,,,Blumea balsamifera,,80
37,,,,Boehmeria clidemioides,Urticaceae,66
38,,,,Bolbitis appendiculata,Dryopteridaceae,80
39,ตาลโตนด,Palmyra Palm,,Borassus flabellifer,,80
40,เฟื่องฟ้า,Bougainvillea,,Bougainvillea glabra,,80
41,,Cup Saucer Plant,Cup Saucer Plant,Breynia retusa,Phyllanthaceae,80
42,,,,Bridelia ovata,Phyllanthaceae,80
43,,Pikpoktai,Pikpoktai,Bridelia tomentosa,Phyllanthaceae,80
44,,,,Cajanus goensis,Fabaceae,80
45,,,,Calamus javensis,,80
46,,,,Callicarpa arborea,Lamiaceae,80
47,,,,Callicarpa pentandra,,80
48,,,,Cananga odorata,,80
49,,,,Canarium littorale,,80
50,,Carallia,Carallia,Carallia brachiata,Rhizophoraceae,80
51,,,,Casearia grewiifolia,Salicaceae,80
52,ต้นราชพฤกษ์,Golden Rain Tree,Golden Shower,Cassia fistula,,80
53,,Papua New Guinea Chinquapin,Papua New Guinea Chinquapin,Castanopsis acuminatissima,Fagaceae,80
54,กล้วยไม้แคทลียา,Cattleya Orchid,,Cattleya labiata,,80
55,,,,Causonis japonica,Vitaceae,80
56,,,,Cayratia mollissima,,80
57,,Black oil tree,Black oil tree,Celastrus paniculatus,Celastraceae,80
58,,Cockscomb,Cockscomb,Celosia argentea,Amaranthaceae,80
59,,,,Centotheca lappacea,Poaceae,80
60,,,,Cephalomanes javanicum,,80
61,,,,Chaetocarpus castanocarpus,Peraceae,80
62,,Curved Flower Woody Chassalia,Curved Flower Woody Chassalia,Chassalia curviflora,Rubiaceae,80
63,,Native Olive,Native Olive,Chionanthus ramiflorus,Oleaceae,80
64,,Armstrong's Weed,Armstrong's Weed,Chromolaena odorata,Asteraceae,80
65,,Wild Cinnamon,Wild Cinnamon,Cinnamomum iners,Lauraceae,80
66,,Velvetleaf,Velvetleaf,Cissampelos pareira,Menispermaceae,80
67,,Begonia Vine,Begonia Vine,Cissus discolor,Vitaceae,80
68,,Asian Pigeonwings,Asian Pigeonwings,Clitoria ternatea,Fabaceae,80
69,,Ivy gourd,Ivy gourd,Coccinia grandis,Cucurbitaceae,80
70,มะพร้าว,Coconut,,Cocos nucifera,,80
71,,,,Commersonia bartramia,,80
72,,,,Connarus semidecandrus,Connaraceae,80
73,,Pink Mempat,Pink Mempat,Cratoxylum formosum,Hypericaceae,80
74,,,,Croton argyratus,,80
75,ขมิ้นชัน,Turmeric,,Curcuma longa,,80
76,,,,Curcuma parviflora,Zingiberaceae,80
77,,Little Ironweed,Little Ironweed,Cyanthillium cinereum,Asteraceae,80
78,,Field-bank Galingale,Field-bank Galingale,Cyperus haspan,Cyperaceae,80
79,,,,Dacrycarpus imbricatus,,80
80,,,,Dacryodes rostrata,,80
81,,,,Dacryodes rugosa,,80
82,,,,Dalbergia lanceolaria,Fabaceae,80
83,,Burmese Rosewood,Burmese Rosewood,Dalbergia oliveri,Fabaceae,80
84,,,,Dalbergia stipulacea,Fabaceae,80
85,,,,Dalbergia velutina,Fabaceae,80
86,,,,Dalrympelea pomifera,Staphyleaceae,80
87,,,,Decaspermum parviflorum,,80
88,ต้นหางนกยูงฝรั่ง,Royal Poinciana,Flame Tree,Delonix regia,,80
89,,triangular horse bush,triangular horse bush,Dendrolobium triangulare,Fabaceae,80
90,,,,Dendrophthoe pentandra,Loranthaceae,80
91,เถาวัลย์เปรียง,Grewia Vine,,Derris scandens,,80
92,,,,Dianella ensifolia,,80
93,,,,Dillenia excelsa,,80
94,,Greater Yams,Greater Yams,Dioscorea alata,Dioscoreaceae,80
95,,Air Potato,Air Potato,Dioscorea bulbifera,Dioscoreaceae,80
96,,,,Dioscorea glabra,Dioscoreaceae,80
97,,Asiatic bitter yam,Asiatic bitter yam,Dioscorea hispida,Dioscoreaceae,80
98,,Fiveleaf Yam,Fiveleaf Yam,Dioscorea pentaphylla,Dioscoreaceae,80
99,,Indian Persimmon,Indian Persimmon,Diospyros malabarica,Ebenaceae,80
100,,,,Diospyros wallichii,Ebenaceae,80
101,,,,Diplazium pallidum,,80
102,,,,Diplazium polypodioides,,80
103,,,,Dipteris conjugata,,80
104,,,,Dipterocarpus obtusifolius,Dipterocarpaceae,80
105,,Bemban,Bemban,Donax canniformis,Marantaceae,80
106,,,,Dracontomelon dao,,80
107,,,,Drimys piperita,,80
108,หมากเหลือง,Golden Cane Palm,,Dypsis lutescens,,80
109,,,,Elaeocarpus stipularis,,80
110,,,,Eleusine indica,,80
111,,,,Embelia sessiliflora,Primulaceae,80
112,,,,Engelhardia spicata,Juglandaceae,80
113,พลูด่าง,Golden Pothos,,Epipremnum aureum,,80
114,,,,Euonymus cochinchinensis,Celastraceae,80
115,,Ara tanan,Ara tanan,Euphorbia hirta,Euphorbiaceae,80
116,,,,Excoecaria cochinchinensis,Euphorbiaceae,80
117,,,,Ficus deltoidea,,80
118,,,,Ficus ischnopoda,Moraceae,80
119,,,,Ficus oleifolia,,80
120,,,,Ficus sinuata,,80
121,,,,Ficus variegata,,80
122,,Forked Fimbry,Forked Fimbry,Fimbristylis dichotoma,Cyperaceae,80
123,,Batoka Plum,Batoka Plum,Flacourtia indica,Salicaceae,80
124,,,,Flacourtia rukam,,80
125,,,,Flagellaria indica,,80
126,,Common Bushweed,Common Bushweed,Flueggea virosa,Phyllanthaceae,80
127,,,,Gaertnera junghuhniana,,80
128,,,,Garcinia merguensis,Clusiaceae,80
129,,Varavalli,Varavalli,Getonia floribunda,Combretaceae,80
130,,Common Glochidion,Common Glochidion,Glochidion rubrum,Phyllanthaceae,80
131,,,,Gnetum gnemon,,80
132,,,,Gomphia serrata,,80
133,,,,Gomphostemma strobilinum,Lamiaceae,80
134,,,,Grewia eriocarpa,Malvaceae,80
135,,Asian Ticktrefoil,Asian Ticktrefoil,Grona heterocarpos,Fabaceae,80
136,,,,Gymnacranthera farquhariana,,80
137,,Five-leaf gynostemma,Five-leaf gynostemma,Gynostemma pentaphyllum,Cucurbitaceae,80
138,,,,Gynotroches axillaris,,80
139,,,,Hancea penangensis,,80
140,,,,Haplanthus laxiflorus,Acanthaceae,80
141,,,,Haplopteris elongata,,80
142,ทานตะวัน,Sunflower,,Helianthus annuus,,80
143,,,,Helicteres hirsuta,Malvaceae,80
144,,,,Hellenia speciosa,Costaceae,80
145,,black spear grass,black spear grass,Heteropogon contortus,Poaceae,80
146,,,,Holarrhena curtisii,Apocynaceae,80
147,,Bitter Oleander,Bitter Oleander,Holarrhena pubescens,Apocynaceae,80
148,,,,Homalanthus populneus,,80
149,,Willow-Leaved Water Croton,Willow-Leaved Water Croton,Homonoia riparia,Euphorbiaceae,80
150,,,,Hubera rumphii,,80
151,,ichnocarpus,ichnocarpus,Ichnocarpus frutescens,Apocynaceae,80
152,,,,Ilex cymosa,,80
153,,,,Ixora cibdela,Rubiaceae,80
154,เข็มแดง,Ixora,,Ixora coccinea,,80
155,,,,Knema globularia,Myristicaceae,80
156,,Thai Crape-Myrtle,Thai Crape-Myrtle,Lagerstroemia floribunda,Lythraceae,80
157,,Bandicoot Berry,Bandicoot Berry,Leea indica,Vitaceae,80
158,,,,Leptonychia caudata,,80
159,,"Horse/wild tamarind, Jumbie bean, Lead tree, Leucaena","Horse/wild tamarind, Jumbie bean, Lead tree, Leucaena",Leucaena leucocephala,Fabaceae,80
160,,Graceful Necklace Fern,Graceful Necklace Fern,Lindsaea ensifolia,Lindsaeaceae,80
161,,,,Lithocarpus elegans,Fagaceae,80
162,,,,Lithocarpus sundaicus,,80
163,,Bolly Beech,Bolly Beech,Litsea glutinosa,Lauraceae,80
164,,,,Litsea monopetala,Lauraceae,80
165,,,,Litsea umbellata,Lauraceae,80
166,,maidenhair creeper,maidenhair creeper,Lygodium flexuosum,Lygodiaceae,80
167,,,,Maasia sumatrana,,80
168,,,,Macaranga denticulata,Euphorbiaceae,80
169,,,,Maesa montana,Primulaceae,80
170,,,,Maesa ramentacea,Primulaceae,80
171,,,,Magnolia liliifera,,80
172,,,,Mallotus mollissimus,,80
173,,,,Mallotus peltatus,Euphorbiaceae,80
174,,Kamala tree,Kamala tree,Mallotus philippensis,Euphorbiaceae,80
175,มะม่วง,Mango,,Mangifera indica,,80
176,,,,Markhamia stipulata,Bignoniaceae,80
177,,,,Medinilla crassifolia,,80
178,,Indian-rhododendron,Indian-rhododendron,Melastoma malabathricum,Melastomataceae,80
179,,,,Meliosma sumatrana,,80
180,,,,Melochia umbellata,,80
181,,,,Memecylon paniculatum,,80
182,,,,Memecylon plebejum,Melastomataceae,80
183,,,,Memecylon scutellatum,Melastomataceae,74
184,,,,Microdesmis caseariifolia,Pandaceae,80
185,,Cave Fern,Cave Fern,Microlepia speluncae,Dennstaedtiaceae,80
186,,limeberry,limeberry,Micromelum minutum,Rutaceae,80
187,,,,Microsorum membranifolium,,80
188,,,,Microsorum scolopendria,,80
189,,Bundled Browntop Grass,Bundled Browntop Grass,Microstegium fasciculatum,Poaceae,80
190,,Action Plant,Action Plant,Mimosa pudica,Fabaceae,80
191,,,,Nauclea subdita,,80
192,บัวหลวง,Lotus,,Nelumbo nucifera,,80
193,,,,Nepenthes gracilis,,80
194,,,,Nephelium lappaceum,,80
195,,,,Nephrolepis biserrata,,80
196,,"Tropical Kudzu, Kudzu, Wild Kudzu Vine, Puero","Tropical Kudzu, Kudzu, Wild Kudzu Vine, Puero",Neustanthus phaseoloides,Fabaceae,80
197,บัวผัน,Water Lily,,Nymphaea sp.,,80
198,,Yellow Mai,Yellow Mai,Ochna integerrima,Ochnaceae,80
199,กระเพรา,Holy Basil,,Ocimum tenuiflorum,,80
200,,Awned Panick Grass,Awned Panick Grass,Oplismenus compositus,Poaceae,80
201,,,,Oreocnide rubescens,,80
202,,Asian rice,Asian rice,Oryza sativa,Poaceae,80
203,,,,Ostodes paniculata,Euphorbiaceae,80
204,,Chinese fever vine,Chinese fever vine,Paederia foetida,Rubiaceae,80
205,,,,Peliosanthes teta,Asparagaceae,80
206,,,,Pentacme siamensis,Dipterocarpaceae,80
207,,,,Perrottetia alpestris,,80
208,,Chinese knotweed,Chinese knotweed,Persicaria chinensis,Polygonaceae,80
209,กล้วยไม้ฟาแลนอปซิส,Moth Orchid,,Phalaenopsis amabilis,,80
210,,,,Phanera bracteata,Fabaceae,80
211,,,,Phanera kockiana,,80
212,,,,Phlegmariurus phlegmaria,,80
213,,,,Phoebe lanceolata,Lauraceae,80
214,,,,Phyllanthus roseus,Phyllanthaceae,80
215,,Pretty Dragon's Tongue,Pretty Dragon's Tongue,Phyllodium pulchellum,Fabaceae,80
216,,,,Picrasma javanica,Simaroubaceae,80
217,,,,Piper lanatum,,80
218,,,,Pipturus argenteus,,80
219,,,,Pittosporum ferrugineum,,80
220,,,,Planchonella obovata,,80
221,,,,Podocarpus neriifolius,,80
222,,Velvet-Leaf Desmodium,Velvet-Leaf Desmodium,Polhillides velutina,Fabaceae,80
223,,,,Polyalthia cauliflora,,80
224,,,,Polygala venenosa,,80
225,,,,Pometia pinnata,,80
226,,,,Pongamia pinnata,,80
227,,,,Popowia pisocarpa,,80
228,,,,Premna serratifolia,,80
229,,,,Prismatomeris tetrandra,Rubiaceae,80
230,,,,Prunus arborea,,80
231,,,,Pteris venusta,Pteridaceae,80
232,,,,Pternandra coerulescens,,80
233,ต้นประดู่,Burma Padauk,,Pterocarpus macrocarpus,,80
234,,Lanceleaf Tongue Fern,Lanceleaf Tongue Fern,Pyrrosia lanceolata,Polypodiaceae,80
235,,,,Rhaphiolepis bengalensis,Rosaceae,80
236,,,,Rhodamnia cinerea,,80
237,,,,Rostellularia procumbens,Acanthaceae,80
238,,Blue Fountain Bush,Blue Fountain Bush,Rotheca serrata,Lamiaceae,80
239,,,,Rubus moluccanus,,80
240,,,,Salacia chinensis,Celastraceae,80
241,ต้นก้ามปู,Rain Tree,Monkey Pod,Samanea saman,,80
242,,needlewood,needlewood,Schima wallichii,Theaceae,80
243,,,,Shorea leprosula,,80
244,,,,Shorea parvifolia,,80
245,,,,Smilax lanceifolia,Smilacaceae,80
246,,,,Spatholobus parviflorus,Fabaceae,80
247,,,,Sphaeropteris glauca,,80
248,,,,Stenochlaena palustris,,80
249,,,,Strobilanthes dimorphotricha,Acanthaceae,80
250,,,,Strobocalyx arborea,,80
251,,,,Styrax benzoides,,80
252,,,,Suregada glomerulata,,80
253,,,,Suregada multiflora,Euphorbiaceae,80
254,,,,Symplocos adenophylla,,80
255,,lodhtree,lodhtree,Symplocos racemosa,Symplocaceae,80
256,,,,Symplocos sulcata,Symplocaceae,80
257,,,,Syzygium acuminatissimum,,80
258,,Trefle Gros,Trefle Gros,Tadehagi triquetrum,Fabaceae,80
259,ดาวเรือง,Marigold,,Tagetes erecta,,80
260,,,,Tectaria herpetocaulos,Tectariaceae,80
261,,,,Tectaria impressa,Tectariaceae,80
262,ต้นสัก,Teak,,Tectona grandis,,80
263,,Coat Buttons,Coat Buttons,Tridax procumbens,Asteraceae,80
264,,,,Uncaria cordata,,80
265,,,,Uncaria lanosa,,80
266,,,,Uraria oblonga,Fabaceae,80
267,,,,Urceola laevigata,Apocynaceae,80
268,,Caesar Weed,Caesar Weed,Urena lobata,Malvaceae,80
269,,,,Utania racemosa,,80
270,,,,Vaccinium sprengelii,Ericaceae,80
271,กล้วยไม้แวนด้า,Vanda Orchid,,Vanda sp.,,80
272,,Malayan Teak,Malayan Teak,Vitex pinnata,Lamiaceae,80
273,โมก,Wrightia,,Wrightia religiosa,,80
274,ชวนชม,Desert Rose,Desert Rose,Adenium obesum,,200
275,โกลเดนไพรเวท,Golden Privet,Golden Privet,Ligustrum ovalifolium,,200
276,เจแปนนีสสปินเดิล,Japanese Spindle,Japanese Spindle,Euonymus japonicus,,200
277,ต้นโอลีฟ,Olive,Olive,Olea europaea,,200
278,มอนสเตอร่า,Swiss cheese plant,Monstera,Monstera deliciosa,,200
279,ไม้พุ่มทรงกลม,Boxwood,Boxwood,Buxus microphylla,,200
280,ชงโคฮ่องกง,Hong Kong orchid tree,Hong Kong orchid tree,Bauhinia blakeana,,120
281,สับปะรดสี,Urn plant,Urn plant,Aechmea fasciata,,200
