id,name_th,name_en,name_common,scientific
1,ต้นราชพฤกษ์,Golden Rain Tree,Golden Shower,Cassia fistula
2,ต้นหางนกยูงฝรั่ง,Royal Poinciana,Flame Tree,Delonix regia
3,ต้นก้ามปู,Rain Tree,Monkey Pod,Samanea saman
4,กล้วยไม้แวนด้า,Vanda Orchid,,Vanda sp.
5,กล้วยไม้ฟาแลนอปซิส,Moth Orchid,,Phalaenopsis amabilis
6,กล้วยไม้แคทลียา,Cattleya Orchid,,Cattleya labiata
7,ต้นประดู่,Burma Padauk,,Pterocarpus macrocarpus
8,ต้นสัก,Teak,,Tectona grandis
9,เฟื่องฟ้า,Bougainvillea,,Bougainvillea glabra
10,ดาวเรือง,Marigold,,Tagetes erecta
11,ทานตะวัน,Sunflower,,Helianthus annuus
12,โมก,Wrightia,,Wrightia religiosa
13,เข็มแดง,Ixora,,Ixora coccinea
14,พลูด่าง,Golden Pothos,,Epipremnum aureum
15,เถาวัลย์เปรียง,Grewia Vine,,Derris scandens
16,บัวหลวง,Lotus,,Nelumbo nucifera
17,บัวผัน,Water Lily,,Nymphaea sp.
18,หมากเหลือง,Golden Cane Palm,,Dypsis lutescens
19,ตาลโตนด,Palmyra Palm,,Borassus flabellifer
20,เฟิร์นข้าหลวง,Bird's Nest Fern,,Asplenium nidus
21,เฟิร์นก้านดำ,Maidenhair Fern,,Adiantum capillus-veneris
22,มะพร้าว,Coconut,,Cocos nucifera
23,ขนุน,Jackfruit,,Artocarpus heterophyllus
24,มะม่วง,Mango,,Mangifera indica
25,กระเพรา,Holy Basil,,Ocimum tenuiflorum
26,ขมิ้นชัน,Turmeric,,Curcuma longa
27,ฟ้าทะลายโจร,Andrographis,,Andrographis paniculata
